Symbol,Name,Latest,Change,%Change,"5D %Chg",High,Low,Volume,Time
SHPH,"Shuttle Pharmaceuticals Holdings Inc",3.65,0.28,+8.31%,+30.82%,3.65,3.26,117900,2026-08-04
NEOV,"Neovolta Inc",2.53,0.06,+2.43%,+25.87%,2.64,2.41,1145900,2026-08-04
BBGI,"Beasley Broadcast Group",26.04,4.43,+20.50%,+25.34%,26.04,22.01,292100,2026-08-04
ARQQ,"Arqit Quantum Inc",21.98,3.53,+19.13%,+25.24%,22,18.9,641300,2026-08-04
AMOD,"Alpha Modus Holdings Inc",4.52,0.51,+12.72%,+24.52%,4.56,3.93,27500,2026-08-04
SILC,"Silicom Ltd",46.55,5.34,+12.96%,+22.44%,46.73,42.31,167500,2026-08-04
GLND,"Greenland Energy Company",2.31,0.04,+1.54%,+21.96%,2.39,2.24,696700,2026-08-04
DXST,"Decent Holding Inc",2.71,0.45,+19.91%,+20.98%,3.23,2.66,11933899,2026-08-04
NPT,"Texxon Holding Limited",3.36,0.13,+4.19%,+20.43%,3.37,3.09,66700,2026-08-04
YMAT,"J-Star Holding Co. Ltd",2.04,0.12,+6.25%,+20.35%,2.23,1.83,40100,2026-08-04
CSIQ,"Canadian Solar Inc",16.39,0.87,+5.61%,+20.03%,16.43,15.56,1801300,2026-08-04
TRNR,"Interactive Strength Inc",3.55,0.35,+10.94%,+19.53%,3.66,3.2,34200,2026-08-04
MOB,"Mobilicom Limited ADR",5.62,0.47,+9.13%,+19.32%,5.74,5.25,218400,2026-08-04
SPAI,"Safe Pro Group Inc",4.51,0.48,+11.91%,+19.00%,4.58,4.15,122300,2026-08-04
SPCE,"Virgin Galactic Holdings Inc",2.95,0.13,+4.61%,+18.47%,3.01,2.84,10551900,2026-08-04
SNT,"Senstar Technologies Ltd",2.06,0.19,+10.16%,+18.39%,2.06,1.74,27400,2026-08-04
AYA,"Aya Gold & Silver Inc",22.9,2.56,+12.59%,+18.04%,23.08,20.54,1655300,2026-08-04
OCC,"Optical Cable Corp",16.12,1.77,+12.33%,+18.01%,16.83,15.2,467000,2026-08-04
TSEM,"Tower Semiconductor",239.53,5.21,+2.22%,+18.00%,250.36,206.4,6331100,2026-08-04
KOPN,"Kopin Corp",4.15,0.41,+10.96%,+17.56%,4.26,3.92,5016100,2026-08-04
AGMB,"Agomab Therapeutics NV Adrs",14.73,1.21,+8.95%,+17.46%,14.86,13.66,87400,2026-08-04
FABC,"Fabric.Ai Inc",2.91,0.18,+6.59%,+17.34%,3.03,2.74,655400,2026-08-04
VUZI,"Vuzix Corp",2.64,0.24,+10.00%,+17.33%,2.65,2.46,1048100,2026-08-04
TRT,"Trio-Tech International",11.52,1.37,+13.50%,+16.95%,11.7896,10.31,446600,2026-08-04
WOK,"Work Medical Technology Group Ltd",2.15,0.09,+4.37%,+16.85%,2.2,2.03,123500,2026-08-04
COOK,"Traeger Inc",68.77,1.96,+2.93%,+16.62%,69.32,65.905,57100,2026-08-04
GMM,"Global Mofy AI Limited",2.87,0,0.00%,+16.19%,2.87,2.77,91900,2026-08-04
STTK,"Shattuck Labs Inc",7.92,0.63,+8.64%,+16.13%,7.94,7.38,1445900,2026-08-04
AIFU,"Aifu Inc",37.13,1.23,+3.44%,+16.05%,38,35.9,5700,2026-08-04
LNZA,"Lanzatech Global Inc",6.32,0.52,+8.97%,+15.96%,6.48,5.78,83700,2026-08-04
XNDU,"Xanadu Quantum Technologies Cl B",11.6,0.29,+2.56%,+15.77%,11.86,11.19,1290600,2026-08-04
HYLN,"Hyliion Hldg Corp Cl A",4.09,0.32,+8.49%,+15.54%,4.175,3.85,2842200,2026-08-04
NSRX,"Nasus Pharma Ltd",3.5,0.31,+9.72%,+15.51%,3.6,3.15,70500,2026-08-04
BELFA,"BEL Fuse Cl A",242.47,23,+10.48%,+15.49%,244.88,225.34,219000,2026-08-04
PRIM,"Primoris Services Corp",90.85,3.01,+3.43%,+15.15%,91.35,88.145,1463300,2026-08-04
HPE,"Hewlett Packard Enterprise",52.39,2.15,+4.28%,+14.92%,53.415,50.3868,25682600,2026-08-04
WGS,"Genedx Holdings Corp",70.9,3.04,+4.48%,+14.58%,79.38,64.28,2659400,2026-08-04
LTRX,"Lantronix Inc",6.1,0.44,+7.77%,+14.45%,6.15,5.7,1201600,2026-08-04
FCEL,"Fuelcell Energy Inc",22.5,1.16,+5.44%,+14.45%,23.3,21.59,6267600,2026-08-04
TACT,"Transact Tech Inc",5.61,0.14,+2.56%,+14.26%,5.7,5.39,21800,2026-08-04
RILY,"Brc Group Holdings Inc",7.67,0.18,+2.40%,+14.14%,7.74,7.49,612800,2026-08-04
NET,"Cloudflare Inc Cl A",301.33,18.59,+6.57%,+14.10%,303.76,278.51,5453700,2026-08-04
ALNT,"Allient Inc",94.56,4.43,+4.92%,+13.57%,95.99,90.61,193200,2026-08-04
NNBR,"NN Inc",3.85,0.23,+6.35%,+13.57%,3.88,3.63,2028800,2026-08-04
RENX,"Renx Enterprises Corp",2.02,0.04,+2.02%,+13.48%,2.08,1.93,43600,2026-08-04
SRZN,"Consonance-Hfw Acq Corp",22,0.22,+1.01%,+13.40%,22.95,20.75,274800,2026-08-04
NXB,"Nextboat Inc",2.23,0.11,+5.19%,+13.20%,2.3,1.9525,72400,2026-08-04
STX,"Seagate Technology Holdings",845.35,14.29,+1.72%,+13.12%,885,833.97,5027300,2026-08-04
SKYQ,"Sky Quarry Inc",4.15,-0.35,-7.78%,+13.08%,4.44,3.96,2566900,2026-08-04
ASTC,"Astrotech Corp",7.24,0.46,+6.78%,+12.95%,7.42,6.93,44400,2026-08-04
EFOI,"Energy Focus Inc",3.13,0.08,+2.62%,+12.83%,3.27,3.02,12100,2026-08-04
CPSH,"Cps Technologies",4.26,0.18,+4.29%,+12.57%,4.3,4.14,323800,2026-08-04
WHWK,"Whitehawk Therapeutics Inc",4.14,0.18,+4.55%,+12.50%,4.18,3.98,471000,2026-08-04
CNVS,"Cineverse Corp",2.71,0.21,+8.40%,+12.45%,2.71,2.48,116400,2026-08-04
XBIO,"Xenetic Biosciences Inc",2.81,0.15,+5.64%,+12.40%,2.98,2.74,68100,2026-08-04
LAKE,"Lakeland Inds Inc",12.05,0.17,+1.43%,+12.30%,12.1,11.75,45400,2026-08-04
TWST,"Twist Bioscience Corp",99.44,-1.61,-1.60%,+12.30%,106.58,98.89,1246000,2026-08-04
CTNM,"Contineum Therapeutics Inc",15.9,-0.03,-0.19%,+12.29%,16.7,15.31,430200,2026-08-04
XXII,"22nd Century Group Inc",4.41,0.21,+5.00%,+12.21%,4.44,4.18,15900,2026-08-04
ICCM,"Icecure Medical Ltd Ord",3.13,0.35,+12.59%,+12.19%,3.3,2.81,187700,2026-08-04
PLYX,"Polaryx Therapeutics Inc",2.23,0.04,+1.83%,+12.06%,2.34,2.16,51300,2026-08-04
YSWY,"Yesway Inc Cl A",22.18,1.17,+5.57%,+11.96%,22.48,20.77,581700,2026-08-04
TDIC,"Dreamland Limited Cl A",2.81,0.33,+13.31%,+11.95%,2.93,2.44,183000,2026-08-04
KEYS,"Keysight Technologies",341.24,19.35,+6.01%,+11.82%,343.87,331.76,1525900,2026-08-04
AIB,"Aib Data Centers Inc",2.09,0.13,+6.63%,+11.76%,2.17,1.91,2074500,2026-08-04
SABS,"Sab Biotherapeutics Inc",3.85,0.06,+1.58%,+11.59%,3.97,3.73,1162600,2026-08-04
SMSI,"Smith Micro Software",2.8,0.16,+6.06%,+11.55%,2.85,2.64,31000,2026-08-04
MSAI,"Multisensor AI Holdings Inc",5.43,0.35,+6.89%,+11.50%,5.73,5.03,38400,2026-08-04
SPPL,"Simpple Ltd",3.53,-0.08,-2.22%,+11.46%,3.55,3.49,5400,2026-08-04
VNCE,"Vince Holding Corp",6.72,0.06,+0.90%,+11.26%,6.94,6.56,42900,2026-08-04
TAOX,"Tao Synergies Inc",3.76,0.1,+2.73%,+11.24%,3.82,3.6,69800,2026-08-04
UEC,"Uranium Energy",10.5,0.53,+5.32%,+11.23%,10.8299,10.2,9971300,2026-08-04
BARK,"Bark Inc",9.92,0.09,+0.92%,+11.21%,10.07,9.5401,47900,2026-08-04
WKEY,"Wisekey International Holding Ltd ADR",6.84,0.32,+4.83%,+11.14%,6.95,6.75,44500,2026-08-04
HYMC,"Hycroft Mining Holding Corp",22.36,1.74,+8.44%,+11.13%,22.41,21.28,1378400,2026-08-04
SORA,Asiastrategy,2,0.32,+19.05%,+11.11%,2,1.69,22000,2026-08-04
IMDX,"Insight Molecular Diagnostics Inc",5.12,0.09,+1.79%,+11.06%,5.32,5.03,200100,2026-08-04
BHE,"Benchmark Electronics",85.41,4.45,+5.50%,+11.02%,86.505,82.14,333300,2026-08-04
CVRX,"Cvrx Inc",5.49,-0.01,-0.18%,+10.91%,5.57,5.45,134500,2026-08-04
APYX,"Apyx Medical Corp",4.28,0.1,+2.39%,+10.88%,4.41,4.07,73100,2026-08-04
Q,"Qnity Electronics Inc",141.67,8.37,+6.28%,+10.77%,146.08,137,3113800,2026-08-04
SSYS,"Stratasys Ltd",8.8,0.67,+8.24%,+10.69%,9.05,8.38,980600,2026-08-04
AVLN,"Avalyn Pharma Inc",30.73,2.23,+7.82%,+10.58%,31.49,28.05,176600,2026-08-04
NBR,"Nabors Industries",83.59,-0.65,-0.77%,+10.51%,85.34,81.98,350400,2026-08-04
CRD.B,"Crawford Company Cl B",11.38,1,+9.63%,+10.49%,11.65,11.08,9000,2026-08-04
TII,"Titan Mining Corp",2.16,0.17,+8.54%,+10.20%,2.2199,2.02,254100,2026-08-04
PAYP,"Paypay Corporation ADR",16.69,0.42,+2.58%,+10.13%,16.87,16.15,855900,2026-08-04
TLYS,"Tilly's Inc",4.25,0.28,+7.05%,+10.10%,4.27,3.935,132900,2026-08-04
KE,"Kimball Electrnc",27.15,1.42,+5.52%,+10.10%,27.42,26.02,219000,2026-08-04
SENS,"Senseonics Holdings Inc",5.4,0.18,+3.35%,+9.98%,5.44,5.28,394700,2026-08-04
CHPT,"Chargepoint Hldgs Inc",5.87,0.35,+6.34%,+9.93%,5.9,5.65,588800,2026-08-04
GLBS,"Globus Maritime Limi",3.1,-0.12,-3.73%,+9.93%,3.29,3.05,113600,2026-08-04
SGMT,"Sagimet Biosciences Inc Series A",7.99,0.84,+11.75%,+9.90%,8,7.15,1706000,2026-08-04
MTEX,"Mannatech Inc",5.07,0.12,+2.42%,+9.86%,5.07,4.85,6700,2026-08-04
AVGO,"Broadcom Ltd",418.16,25.93,+6.61%,+9.78%,422.07,400.68,29564201,2026-08-04
ARVN,"Arvinas Inc",9,0.94,+11.66%,+9.76%,9.65,8.33,3032700,2026-08-04
ALMR,"Alamar Biosciences Inc Cl A",27.11,0.04,+0.15%,+9.71%,28.07,26.22,272600,2026-08-04
BVC,"Bitventures Limited",11.67,1.21,+11.57%,+9.68%,11.67,10.31,132200,2026-08-04
TUSK,"Mammoth Energy Services Inc",2.85,0.15,+5.56%,+9.62%,2.87,2.7,163600,2026-08-04
BOLD,"Boundless Bio Inc",2.7,0.13,+5.25%,+9.51%,2.75,2.55,377200,2026-08-04
JCI,"Johnson Controls Intl",153.62,7.23,+4.94%,+9.51%,154.32,146.8,4569500,2026-08-04
SUPX,"Superx AI Technology Limited",7.2,0.4,+5.88%,+9.42%,7.27,6.41,162600,2026-08-04
ISSC,"Innovative Solutions and Support",20.95,1.48,+7.60%,+9.34%,21.12,19.48,365300,2026-08-04
HITI,"High Tide Inc",2.25,0.1,+4.65%,+9.22%,2.41,2.23,775100,2026-08-04
FIX,"Comfort Systems USA",1775.86,4.8999999999999,+0.28%,+9.19%,1824.5601,1730,553600,2026-08-04
IRDM,"Iridium Comm Inc",49.61,1.29,+2.67%,+9.18%,50.07,48.68,1214400,2026-08-04
ELMT,"The Elmet Group Co.",15.8,1.44,+10.03%,+9.04%,16,14.45,248200,2026-08-04
GDS,"Gds Holdings Ltd ADR",33.37,0.67,+2.05%,+8.98%,33.53,32.06,1614600,2026-08-04
KRMN,"Karman Holdings Inc",53.99,3.55,+7.04%,+8.98%,54.71,51.13,4188100,2026-08-04
MUX,"Mcewen Inc",18.67,0.84,+4.71%,+8.80%,18.89,18.04,970900,2026-08-04
CDE,"Coeur Mining Inc",16.21,0.65,+4.18%,+8.72%,16.54,15.99,32994500,2026-08-04
FGI,"Fgi Industries Ltd",4.63,0.33,+7.67%,+8.69%,4.77,4.49,14400,2026-08-04
SKE,"Skeena Resources Ltd",28.71,1.61,+5.94%,+8.67%,29.15,27.81,626700,2026-08-04
NEGG,"Newegg Commerce Inc",15.3,1.79,+13.25%,+8.66%,16.34,13.66,136600,2026-08-04
DNTH,"Dianthus Therapeutics Inc",110.4,4.38,+4.13%,+8.65%,111.17,106.79,636600,2026-08-04
LITB,"Lightinthebox Holding Ltd ADR",3.27,-0.01,-0.30%,+8.64%,3.38,3.26,2400,2026-08-04
CADL,"Candel Therapeutics Inc",10.51,0.44,+4.37%,+8.57%,10.52,10.09,1072700,2026-08-04
ERII,"Energy Recovery Inc",9.12,0.21,+2.36%,+8.57%,9.16,8.87,951100,2026-08-04
AMPY,"Amplify Energy Corp",3.98,-0.03,-0.75%,+8.45%,4.085,3.91,616200,2026-08-04
TKNO,"Alpha Teknova Inc",5.52,0.22,+4.15%,+8.45%,5.8,5.14,157800,2026-08-04
RRX,"Regal Rexnord Corp",220.04,8.83,+4.18%,+8.43%,221.44,211.77,1608000,2026-08-04
LUMN,"Lumen Technologies Inc",6.71,0.26,+4.03%,+8.40%,6.87,6.545,18086700,2026-08-04
JBIO,"Jade Biosciences Inc",21.35,2.2,+11.49%,+8.38%,21.51,19.42,1687400,2026-08-04
ELE,"Elemental Royalty Corp",16.62,0.56,+3.49%,+8.27%,16.81,16.07,221600,2026-08-04
CAMT,"Camtek Ltd",151.62,11.83,+8.46%,+8.25%,151.99,141.79,847600,2026-08-04
UK,"Ucommune Intl Ltd",2.11,-0.04,-1.86%,+8.21%,2.13,2.02,8200,2026-08-04
BDSX,"Biodesix Inc",22.75,0.72,+3.29%,+8.20%,23.39,22,57200,2026-08-04
CING,"Cingulate Inc",4.9,0.07,+1.45%,+8.17%,5.1,4.81,233700,2026-08-04
PKE,"Park Electrochemical Corp",37.13,1.54,+4.33%,+8.06%,37.54,35.965,243000,2026-08-04
QXL,"Quantum X Labs Inc",4.99,0.49,+10.89%,+8.01%,5.22,4.7,38000,2026-08-04
CLFD,"Clearfield Inc",33.74,1.63,+5.08%,+7.97%,34.25,32.81,206800,2026-08-04
XMAX,"Xmax Inc",9.1,0.32,+3.64%,+7.95%,9.31,8.8,1159800,2026-08-04
IMNM,"Immunome Inc",25.06,2.05,+8.91%,+7.92%,25.37,23.09,1802100,2026-08-04
STI,"Solidion Technology Inc",6.6,0.03,+0.46%,+7.84%,7,6.5,112200,2026-08-04
SGC,"Superior Uniform Group",13.95,1.03,+7.97%,+7.81%,14.5,13.28,173100,2026-08-04
WRN,"Western Copper Corp",2.21,0.11,+5.24%,+7.80%,2.24,2.14,718000,2026-08-04
INGN,"Inogen Inc",6.92,0.21,+3.13%,+7.79%,6.93,6.69,308100,2026-08-04
SMX,"Smx [Security Matters] Plc Cl A",16.88,0.35,+2.12%,+7.72%,17.5,16.07,20100,2026-08-04
SPTX,"Seaport Therapeutics Inc",21.43,0.78,+3.78%,+7.69%,21.85,20.34,89900,2026-08-04
NVRI,"Enviri Corporation",23.86,0.71,+3.07%,+7.67%,24.07,22.98,312200,2026-08-04
ZS,"Zscaler Inc",163.22,8.76,+5.67%,+7.64%,163.47,153.74,2516100,2026-08-04
OVID,"Ovid Therapeutics Inc",2.54,0.21,+9.01%,+7.63%,2.56,2.33,1666400,2026-08-04
WTI,"W&T Offshore",3.42,-0.09,-2.56%,+7.55%,3.46,3.34,4500500,2026-08-04
DRUG,"Bright Minds Biosciences Inc",77.35,3.57,+4.84%,+7.49%,79,74.2,167400,2026-08-04
EXK,"Endeavour Silver Corp",8.33,0.6,+7.76%,+7.48%,8.48,7.94,9242600,2026-08-04
FSM,"Fortuna Mines",9.05,0.38,+4.38%,+7.48%,9.14,8.82,6206100,2026-08-04
ASM,"Avino Silver & Gold",5.91,0.38,+6.87%,+7.45%,5.99,5.64,3601300,2026-08-04
CRK,"Comstock Resources",13.3,-0.11,-0.82%,+7.43%,13.36,12.86,2165900,2026-08-04
RUBI,"Rubico Inc",2.32,-0.02,-0.85%,+7.41%,2.38,2.14,397300,2026-08-04
IMTX,"Immatics NV",9.38,0.36,+3.99%,+7.38%,9.41,9.05,442200,2026-08-04
LRMR,"Larimar Therapeutics Inc",4.11,0.13,+3.27%,+7.31%,4.14,3.82,1681500,2026-08-04
SION,"Sionna Therapeutics Inc",49.94,0.68,+1.38%,+7.28%,51.73,48.52,913100,2026-08-04
JRSH,"Jerash Holdings Inc",4.86,0.16,+3.40%,+7.28%,4.9,4.64,79500,2026-08-04
VOXR,"Vox Royalty Corp",4.57,0.12,+2.70%,+7.28%,4.65,4.5,346300,2026-08-04
NVNO,"Envveno Medical Corp",11.15,0.45,+4.21%,+7.21%,11.55,10.82,14500,2026-08-04
DEC,"Diversified Energy Company Plc",13.4,-0.15,-1.11%,+7.20%,13.4,12.93,1138700,2026-08-04
CENX,"Century Aluminum C",47.12,1.92,+4.25%,+7.19%,47.63,46.15,1402100,2026-08-04
JCTC,"Jewett-Cameron Trading Company Ltd",2.69,-0.02,-0.74%,+7.17%,2.79,2.69,6200,2026-08-04
GPGI,"Gpgi Inc",15.62,0.85,+5.75%,+7.13%,15.785,14.92,1529100,2026-08-04
ELTX,"Elicio Therapeutics Inc",3.16,0.3,+10.49%,+7.12%,3.19,2.87,692400,2026-08-04
TBCH,"Turtle Beach Corp",13.93,1.12,+8.74%,+7.07%,13.99,12.93,336000,2026-08-04
ATI,"Ati Inc",200.15,7.03,+3.64%,+7.04%,201.385,194.78,1461800,2026-08-04
GEOS,"Geospace Technologie",7.31,-0.21,-2.79%,+7.03%,7.62,7.3,89800,2026-08-04
ORMP,"Oramed Pharma",4.46,0.07,+1.59%,+6.95%,4.47,4.22,242700,2026-08-04
EPRX,"Eupraxia Pharmaceuticals Inc",6.52,0.01,+0.15%,+6.89%,6.64,6.36,258700,2026-08-04
RAY,"Raytech Holding Limited",3,0,0.00%,+6.86%,3.03,2.77,6900,2026-08-04
PXLW,"Pixelworks Inc",6.24,0.07,+1.13%,+6.85%,6.36,6.2,29400,2026-08-04
FND,"Floor & Decor Holdings Inc",60.7,3.62,+6.34%,+6.85%,61.65,57.29,4272000,2026-08-04
RLAY,"Relay Therapeutics Inc",19.54,0.76,+4.05%,+6.83%,19.73,18.78,2054500,2026-08-04
TREX,"Trex Company",47.02,2.19,+4.89%,+6.82%,48.39,43.78,4547800,2026-08-04
CDT,"Cdt Equity Inc",3.14,0.28,+9.60%,+6.80%,3.32,2.9,73300,2026-08-04
NEM,"Newmont Mining Corp",97.73,2.36,+2.47%,+6.79%,98.52,96.675,5449000,2026-08-04
TRNS,"Transcat Inc",91.89,2.31,+2.58%,+6.76%,92.26,88.01,121300,2026-08-04
NPO,"Enpro Inc",334.84,0.72999999999996,+0.22%,+6.76%,342.525,309.074,391100,2026-08-04
HSLV,"Highlander Silver Corp",4.59,0.25,+5.76%,+6.74%,4.67,4.455,223600,2026-08-04
SNX,"Synnex Corp",263.79,9.97,+3.93%,+6.72%,269.0125,258.54,805300,2026-08-04
FF,"Futurefuel Corp",4.92,0.02,+0.41%,+6.72%,5.01,4.86,286300,2026-08-04
TRLV,"Trulieve Cannabis Corp",8.89,0.29,+3.37%,+6.72%,9.01,8.55,717600,2026-08-04
KTOS,"Kratos Defense & Security Inc",51.87,2.66,+5.41%,+6.64%,52.27,50.34,6481800,2026-08-04
LFS,"Leifras Co. Ltd ADR",2.41,-0.14,-5.49%,+6.64%,2.55,2.3,180700,2026-08-04
RUM,"Rum Group Inc",6.43,0.24,+3.88%,+6.63%,6.49,6.23,2172800,2026-08-04
HBIO,"Harvard Bioscience",6.31,0,0.00%,+6.59%,6.42,6.2,7300,2026-08-04
VZLA,"Vizsla Silver Corp",3.4,0.14,+4.29%,+6.58%,3.46,3.32,6997200,2026-08-04
NYC,"American Strategic Investment CO",9.39,0.46,+5.15%,+6.58%,9.8,8.5,107700,2026-08-04
SHIM,"Shimmick Corp",4.26,0.17,+4.16%,+6.50%,4.32,4.13,68500,2026-08-04
CTOS,"Custom Truck One Source",11.02,0.39,+3.67%,+6.47%,12.23,10.93,2276500,2026-08-04
KOD,"Kodiak Sciences Inc",42.89,3.06,+7.68%,+6.45%,42.99,39.38,709000,2026-08-04
CRC,"California Resources Corp",52.48,0.34,+0.65%,+6.45%,52.63,50.81,700600,2026-08-04
SGHT,"Sight Sciences Inc",5.64,0.11,+1.99%,+6.42%,5.84,5.51,644200,2026-08-04
LXRX,"Lexicon Pharmaceutcl",2.49,0.16,+6.87%,+6.41%,2.52,2.32,3908800,2026-08-04
PVLA,"Palvella Therapeutics Inc",151.99,11.21,+7.96%,+6.41%,155.8,135.3,279000,2026-08-04
EVC,"Entravision Communications Corp",11.63,0.59,+5.34%,+6.40%,11.72,11.08,939200,2026-08-04
LMB,"Limbach Holdings Inc",77.11,3.86,+5.27%,+6.37%,77.62,72.22,309400,2026-08-04
USEA,"United Maritime Corp",2.67,0.04,+1.52%,+6.37%,2.7,2.56,65100,2026-08-04
HMH,"Hmh Holding Inc",20.21,-0.28,-1.37%,+6.37%,20.97,20.14,158300,2026-08-04
NXE,"Nexgen Energy Ltd",9.76,0.19,+1.99%,+6.32%,9.915,9.53,5395600,2026-08-04
BMBL,"Bumble Inc",3.2,0.11,+3.56%,+6.31%,3.21,3.07,2632800,2026-08-04
ACOG,"Alpha Cognition Inc",8.94,0.51,+6.05%,+6.30%,9.14,8.1,49000,2026-08-04
PS,"Pershing Square Inc",35.99,0.93,+2.65%,+6.29%,36.57,34.875,107300,2026-08-04
OTF,"Blue Owl Technology Finance Corp",10.7,0.39,+3.78%,+6.26%,10.715,10.25,5055100,2026-08-04
LFVN,"Lifevantage Corp",6.83,0.25,+3.80%,+6.22%,6.84,6.43,68800,2026-08-04
CTGO,"Contango Silver & Gold Inc",16.76,0.79,+4.95%,+6.21%,16.9,16.16,363800,2026-08-04
BVN,"Compania Mina Buenaventura S.A. ADR",32.26,1.79,+5.87%,+6.19%,32.375,31.3015,933800,2026-08-04
KSPI,"Joint Stock Company Kaspi.Kz ADR",92,0,0.00%,+6.14%,93.49,90,646000,2026-08-04
CDNL,"Cardinal Infrastructure Group Inc Cl A",63.93,0.86,+1.36%,+6.11%,66.59,62.09,529800,2026-08-04
CINT,"CI&T Inc Cl A",3.48,0.04,+1.16%,+6.10%,3.53,3.44,60700,2026-08-04
RBBN,"Ribbon Communications Inc",2.17,0.05,+2.36%,+5.85%,2.24,2.14,622600,2026-08-04
PAVS,"Paranovus Entertainment Technology Ltd",4.9,-0.02,-0.41%,+5.83%,5.16,4.86,35500,2026-08-04
HL,"Hecla Mining Company",15.39,0.96,+6.65%,+5.77%,15.695,14.99,33671000,2026-08-04
KGEI,"Kolibri Global Energy Inc",5.14,-0.2,-3.75%,+5.76%,5.23,5.02,124000,2026-08-04
IDR,"Idaho Strategic Resources",30.48,1.33,+4.56%,+5.76%,30.9899,29.6,269700,2026-08-04
ITRG,"Integra Resources Corp",2.21,0.07,+3.27%,+5.74%,2.2589,2.15,1676300,2026-08-04
LABT,"Lakewood-Amedex Biotherapeutics Inc",2.22,0.06,+2.78%,+5.71%,2.32,2.02,165300,2026-08-04
VISN,"Vistance Networks Inc",12.49,0.44,+3.65%,+5.67%,12.52,12.19,7861100,2026-08-04
BDN,"Brandywine Realty Trust",3.17,0.03,+0.96%,+5.67%,3.22,3.12,3095600,2026-08-04
FLOC,"Flowco Holdings Inc Cl A",20.36,0.13,+0.64%,+5.66%,20.67,19.9018,1037000,2026-08-04
ZNTL,"Zentalis Pharmaceuticals Inc",4.88,0.23,+4.95%,+5.63%,4.89,4.67,788600,2026-08-04
APG,"Api Group Corp",41.54,1.7,+4.27%,+5.62%,41.84,39.695,3753800,2026-08-04
NGL,"Ngl Energy Partners LP",15.85,-0.15,-0.94%,+5.60%,16.05,15.6,157400,2026-08-04
RAVE,"Rave Restaurant Group",3.26,-0.02,-0.61%,+5.50%,3.36,3.21,13400,2026-08-04
FWDI,"Forward Industries Inc",4.22,0.15,+3.69%,+5.50%,4.25,4.1,931900,2026-08-04
ELTK,"Eltek Ltd",9.05,0.34,+3.96%,+5.48%,9.14,8.31,4100,2026-08-04
LOAR,"Loar Holdings Inc",75.52,3.56,+4.95%,+5.47%,75.78,72.75,631700,2026-08-04
NAGE,"Niagen Bioscience Inc",3.47,-0.06,-1.70%,+5.47%,3.63,3.46,1029800,2026-08-04
QDEL,"Quidelortho Corp",17.58,-0.13,-0.73%,+5.46%,17.98,16.53,1181200,2026-08-04
HIFS,"Hingham Inst For Svg",303.93,9.66,+3.28%,+5.40%,304.7,294.04,55600,2026-08-04
XRTX,"Xortx Therapeutics Inc",2.16,0.03,+1.41%,+5.37%,2.27,2.02,15200,2026-08-04
EVAX,"Evaxion A/S ADR",2.95,0.16,+5.73%,+5.36%,3,2.8,10800,2026-08-04
COGT,"Cogent Biosciences Inc",42.84,3.98,+10.24%,+5.34%,43.39,39.19,4748700,2026-08-04
TYRA,"Tyra Biosciences Inc",32.53,0.49,+1.53%,+5.34%,32.99,31.92,396400,2026-08-04
CCEL,"Cryo-Cell Intl Inc",3.56,0.08,+2.30%,+5.33%,3.725,3.51,10800,2026-08-04
CNSY,"Cerenome Inc",3.96,0.44,+12.50%,+5.32%,4.16,3.52,138600,2026-08-04
CGEN,"Compugen Ltd",2.38,0,0.00%,+5.31%,2.44,2.33,345300,2026-08-04
WXM,"Wf International Limited",3.37,0.06,+1.81%,+5.31%,3.44,3.3,7500,2026-08-04
FLX,"Bingex Limited ADR",2.18,-0.03,-1.36%,+5.31%,2.22,2.08,274400,2026-08-04
BBBY,"Bed Bath & Beyond Inc",5.56,0.24,+4.51%,+5.30%,5.735,5.44,3497100,2026-08-04
VEON,"Veon Ltd ADR",54.32,1.2,+2.26%,+5.26%,54.58,52,102100,2026-08-04
HLIO,"Helios Technologies Inc",81.46,1.25,+1.56%,+5.26%,82.17,79.69,313700,2026-08-04
SPCB,"Supercom Ltd",11.04,0.19,+1.75%,+5.24%,11.29,11,45500,2026-08-04
KIDS,"Orthopediatrics Corp",20.88,0.01,+0.05%,+5.24%,21.17,20.7,268800,2026-08-04
CODA,"Coda Octopus Group",10.44,0.16,+1.56%,+5.24%,10.68,10.4,93100,2026-08-04
RVMD,"Revolution Medicines Inc",193.46,11.01,+6.03%,+5.22%,194.07,181.02,1614200,2026-08-04
JBI,"Janus International Group Inc",5.65,0.23,+4.24%,+5.21%,5.665,5.46,1383000,2026-08-04
KVHI,"K V H Inds Inc",9.3,0.13,+1.42%,+5.20%,9.62,9.23,129800,2026-08-04
ESP,"Espey Mfg. & Electronics",61.14,0.73,+1.21%,+5.16%,62.82,60.5,41300,2026-08-04
ZIP,"Ziprecruiter Inc Cl A",4.49,0.29,+6.90%,+5.15%,4.52,4.165,724700,2026-08-04
HLX,"Helix Energy Solutions Group",9.6,0.34,+3.67%,+5.15%,9.685,9.09,1590100,2026-08-04
YB,"Yuanbao Inc ADR",14,-0.29,-2.03%,+5.14%,14.3,13.88,13600,2026-08-04
ARTV,"Artiva Biotherapeutics Inc",11.07,0.31,+2.88%,+5.13%,11.29,10.4,411200,2026-08-04
DOW,"Dow Inc",30.33,0.44,+1.47%,+5.13%,30.449,28.69,9348700,2026-08-04
TBBB,"BBB Foods Inc Cl A",41.95,-0.9,-2.10%,+5.11%,44.58,41.47,765400,2026-08-04
AG,"First Majestic Silver",16.49,0.79,+5.03%,+5.10%,16.745,16.19,12531600,2026-08-04
AVNW,"Aviat Networks Inc",21.42,0.97,+4.74%,+5.10%,21.9,20.72,138100,2026-08-04
DRCT,"Direct Digital Holdings Inc Cl A",2.7,0,0.00%,+5.06%,2.78,2.67,11100,2026-08-04
GTX,"Garrett Motion Inc",31.43,0.83,+2.71%,+5.05%,31.55,30.32,1515300,2026-08-04
CC,"Chemours Company",17.93,0.82,+4.79%,+5.04%,17.97,17.08,2870800,2026-08-04
INKT,"Mink Therapeutics Inc",11.07,0.38,+3.55%,+5.03%,11.38,10.68,10500,2026-08-04
EE,"Excelerate Energy Inc Cl A",39.2,0.17,+0.44%,+5.01%,39.54,38.22,314900,2026-08-04
OSPN,"Onespan Inc",16.21,0.34,+2.14%,+4.99%,16.4,15.88,511000,2026-08-04
SYRE,"Spyre Therapeutics Inc",104.94,10.01,+10.54%,+4.98%,105.25,97.03,831900,2026-08-04
CMCM,"Cheetah Mobile Inc ADR",3.065,0.1831,+6.35%,+4.97%,3.065,2.8805,5500,2026-08-04
VAL,"Valaris Ltd",78.14,1.32,+1.72%,+4.94%,78.82,75.32,810100,2026-08-04
RUSHB,"Rush Enterprises  Cl B",81.04,2.57,+3.28%,+4.91%,81.04,77.8,86000,2026-08-04
NMAX,"Newsmax Inc Cl B",8.36,0.47,+5.96%,+4.89%,8.4,7.9,833200,2026-08-04
BLSH,"Bullish Ord Shs",23.8,0.87,+3.79%,+4.89%,23.85,22.64,893400,2026-08-04
PRAX,"Praxis Precision Medicines Inc",310.07,4.56,+1.49%,+4.82%,313.06,301.4,326800,2026-08-04
BOF,"Branchout Food Inc",4.15,0.04,+0.97%,+4.80%,4.32,4.04,27900,2026-08-04
OLED,"Universal Display",86.22,6.44,+8.07%,+4.78%,86.34,80.07,895700,2026-08-04
UI,"Ubiquiti Networks",560,11.34,+2.07%,+4.73%,572.28,555.36,112000,2026-08-04
EQX,"Equinox Gold Corp",9.58,0.4,+4.36%,+4.70%,9.71,9.28,19122900,2026-08-04
ACHV,"Achieve Life Sciences Inc",6.47,0.15,+2.37%,+4.69%,6.6,6.29,1243900,2026-08-04
CDLX,"Cardlytics Inc",4.02,-0.05,-1.23%,+4.69%,4.19,3.9,72700,2026-08-04
PRGO,"Perrigo Company",10.78,0.1,+0.94%,+4.66%,10.79,10.355,2860600,2026-08-04
UNCY,"Unicycive Therapeutics Inc",5.17,0.12,+2.27%,+4.66%,5.24,5.07,858400,2026-08-04
BH.A,"Biglari Holdings Inc Cl A",1957.99,-2.86,-0.15%,+4.65%,2005.47,1935,42100,2026-08-04
AKO.B,"Embotell Andna Sa Cl B ADR",31.09,1.17,+3.91%,+4.64%,31.09,30.07,2100,2026-08-04
TDAY,"USA Today CO Inc",9.03,0.039999999999999,+0.44%,+4.63%,9.1962,8.795,2653300,2026-08-04
ZD,"Ziff Davis Inc",55.38,1.37,+2.54%,+4.63%,55.46,53.59,628000,2026-08-04
RIG,"Transocean Inc",5.22,0.069999999999999,+1.36%,+4.61%,5.29,5.045,37422000,2026-08-04
GRNT,"Granite Ridge Resources Inc",4.77,-0.02,-0.42%,+4.61%,4.78,4.62,634500,2026-08-04
SSRM,"Ssr Mining Inc",26.58,-0.41,-1.52%,+4.60%,28,26.53,4767000,2026-08-04
ARHS,"Arhaus Inc Cl A",8.28,0.38,+4.81%,+4.55%,8.4,7.87,2550100,2026-08-04
NCMI,"National Cinemedia",4.14,-0.04,-0.96%,+4.55%,4.24,4.11,276000,2026-08-04
ATNI,"Atn International",25.13,0.49,+1.99%,+4.53%,25.13,24.4,63500,2026-08-04
CATX,"Perspective Therapeutics Inc",3,-0.01,-0.33%,+4.53%,3.1201,2.98,2292400,2026-08-04
HUYA,"Huya Inc ADR",2.55,0.06,+2.41%,+4.51%,2.56,2.46,445500,2026-08-04
XPEL,"Xpel Technologies",45.91,1.01,+2.25%,+4.50%,47.27,44.62,485200,2026-08-04
NBTX,"Nanobiotix S.A. ADR",39.52,0.63,+1.62%,+4.49%,40.26,38.9,91600,2026-08-04
VTS,"Vitesse Energy Inc",15.67,0.15,+0.97%,+4.47%,15.68,15.05,852300,2026-08-04
FTAI,"Ftai Aviation Ltd",221.96,-3.19,-1.42%,+4.47%,232.18,210.53,1581000,2026-08-04
GFI,"Gold Fields Ltd ADR",34.11,0.15,+0.44%,+4.47%,34.83,34.03,3565900,2026-08-04
FLR,"Fluor Corp",51.54,1.37,+2.73%,+4.46%,51.82,50.33,2572400,2026-08-04
ATS,"Ats Corp Cda",28.16,0.39,+1.40%,+4.41%,28.67,27.45,192800,2026-08-04
BH,"Biglari Holdings Inc",393.04,1.29,+0.33%,+4.41%,399.57,386,188200,2026-08-04
TFX,"Teleflex Inc",140.12,0.42000000000002,+0.30%,+4.41%,141.245,138.315,605100,2026-08-04
FSK,"FS KKR Capital Corp",11.47,0.38,+3.43%,+4.37%,11.54,11.11,3738400,2026-08-04
UEIC,"Universal Elect IN",4.8,0.08,+1.69%,+4.35%,4.95,4.71,46900,2026-08-04
SOUN,"Soundhound AI Inc Cl A",6.51,0.41,+6.72%,+4.33%,6.53,6.16,22893000,2026-08-04
KRKR,"36Kr Holdings Inc ADR",2.9,0.08,+2.91%,+4.32%,2.99,2.82,4200,2026-08-04
FLWS,1-800-Flowers.com,4.13,-0.07,-1.67%,+4.29%,4.25,4.09,181400,2026-08-04
WEYS,"Weyco Gp Inc",40.96,0.54,+1.34%,+4.28%,41.86,40.53,35600,2026-08-04
DRD,"Drdgold Ltd ADR",21.57,0.65,+3.11%,+4.25%,21.9299,21.26,313800,2026-08-04
IRON,"Disc Medicine Inc",77.8,1.49,+1.95%,+4.22%,78.69,76.34,380000,2026-08-04
AVIR,"Atea Pharmaceuticals Inc",4.7,0.09,+1.95%,+4.21%,4.72,4.55,406300,2026-08-04
XPER,"Xperi Inc",7.95,0.14,+1.79%,+4.19%,8.04,7.82,500200,2026-08-04
HP,"Helmerich & Payne",34.49,0.33000000000001,+0.97%,+4.17%,34.74,33.67,1064000,2026-08-04
AZZ,"Azz Inc",152.71,3.53,+2.37%,+4.15%,153.66,149.18,239000,2026-08-04
GHRS,"Gh Research Plc",29.12,0.93,+3.30%,+4.15%,29.49,27.91,632300,2026-08-04
PNNT,"Pennantpark Investme",3.52,0.11,+3.23%,+4.14%,3.535,3.39,643700,2026-08-04
MPWR,"Monolithic Power Sys",1335.03,-9.34,-0.69%,+4.14%,1425.99,1333.32,1228300,2026-08-04
GECC,"Great Elm Capital Corp",5.29,0.12,+2.32%,+4.13%,5.33,5.18,34400,2026-08-04
CE,"Celanese Corp",45.24,1.35,+3.08%,+4.00%,45.53,42.64,3731200,2026-08-04
HSIC,"Henry Schein Inc",89.11,2.6,+3.01%,+3.97%,92.18,87.34,3360700,2026-08-04
ADI,"Analog Devices",380.29,18.41,+5.09%,+3.95%,382.48,368.91,5082700,2026-08-04
TTC,"Toro Company",99.09,3.91,+4.11%,+3.94%,99.34,94.61,648100,2026-08-04
TWIN,"Twin Disc Inc",24.02,0.88,+3.80%,+3.94%,24.6,23.1,91900,2026-08-04
MOV,"Movado Group Inc",39.54,0.6,+1.54%,+3.92%,39.88,38.1878,222000,2026-08-04
PAAS,"Pan Amer Silver Corp",44.91,1.18,+2.70%,+3.89%,45.61,44.44,3483800,2026-08-04
GROY,"Gold Royalty Corp",2.69,0.09,+3.46%,+3.86%,2.72,2.64,3020000,2026-08-04
HUBB,"Hubbell Inc B",502.24,26.2,+5.50%,+3.84%,505.465,476.855,724200,2026-08-04
API,"Agora Inc Ads",4.09,0.02,+0.49%,+3.81%,4.14,4.06,175900,2026-08-04
OKUR,"Onkure Therapeutics Inc",4.1,0.08,+1.99%,+3.80%,4.49,4.09,201900,2026-08-04
IAG,"Iamgold Corp",14.8,0.050000000000001,+0.34%,+3.79%,15.22,14.7221,6049000,2026-08-04
MDLN,"Medline Inc Cl A",42.04,1.57,+3.88%,+3.78%,42.19,40.47,7726500,2026-08-04
NINE,"Nine Energy Service Inc",11.82,0.72,+6.49%,+3.78%,12.4,10.96,58200,2026-08-04
AYTU,"Aytu Biopharma Inc",2.21,-0.04,-1.78%,+3.76%,2.3,2.2,22100,2026-08-04
TPCS,"Techprecision Corp",4.72,-0.04,-0.84%,+3.74%,4.8,4.53,15000,2026-08-04
ALG,"Alamo Group",170.33,6.4,+3.90%,+3.71%,174.7,166.66,184400,2026-08-04
GRC,"Gorman-Rupp Company",85.48,2.68,+3.24%,+3.70%,86.06,82.1601,183900,2026-08-04
CCSI,"Consensus Cloud Solutions",38.5,0.98,+2.61%,+3.69%,38.62,37.32,119200,2026-08-04
NTB,"Bank of Butterfield Ltd",62.11,-0.04,-0.06%,+3.67%,62.38,61.445,158000,2026-08-04
ASST,"Strive Inc",12.42,0.62,+5.25%,+3.67%,12.54,11.74,3091300,2026-08-04
CCAP,"Crescent Capital Bdc Inc",11.59,0.36,+3.21%,+3.67%,11.6,11.2,258900,2026-08-04
VTSI,"Virtra Systems Inc",3.11,0.05,+1.63%,+3.67%,3.15,3.01,43500,2026-08-04
CYD,"China Yuchai International",48.12,1.63,+3.51%,+3.64%,49,47.255,72100,2026-08-04
QNRX,"Quoin Pharmaceuticals Ltd ADR",4.35,-0.1,-2.25%,+3.57%,4.5,4.3,9100,2026-08-04
TORO,"Toro Corp",5.27,-0.08,-1.50%,+3.54%,5.35,5.06,38600,2026-08-04
MG,"Mistras Group Inc",15.93,0.23,+1.46%,+3.51%,16.0799,15.56,116200,2026-08-04
YOU,"Clear Secure Inc Cl A",55.73,0.58,+1.05%,+3.51%,56.25,54.25,1849400,2026-08-04
CRBP,"Corbus Pharmaceuticals Hldgs Inc",9.4,0.48,+5.38%,+3.47%,9.45,8.98,264900,2026-08-04
MKTW,"Marketwise Inc",21.2,1.08,+5.37%,+3.47%,22.83,19.82,42300,2026-08-04
VABK,"Virginia Natl Bnk",47.53,0.93,+2.00%,+3.46%,48.53,45.75,12000,2026-08-04
CMDB,"Costamare Bulkers Holdings Limited",19.11,-1.03,-5.11%,+3.41%,20.42,18.21,178200,2026-08-04
LMAT,"Lemaitre Vascular",105.78,2.17,+2.09%,+3.40%,106.19,101.66,407800,2026-08-04
SER,"Serina Therapeutics Inc",2.14,0.08,+3.88%,+3.38%,2.2371,2.1,44900,2026-08-04
ITRN,"Ituran Location",56.58,0.72,+1.29%,+3.38%,57.17,55.97,163300,2026-08-04
CMBT,"Cmb.Tech NV",15.92,-0.33,-2.03%,+3.38%,16.3,15.855,706100,2026-08-04
ESE,"Esco Technologies Inc",326.25,8.12,+2.55%,+3.35%,327.33,317.43,214500,2026-08-04
SOTK,"Sono-Tek Corp",5.28,-0.02,-0.38%,+3.33%,5.4,4.9,70400,2026-08-04
FTDR,"Frontdoor Inc",76.75,0.76,+1.00%,+3.33%,77.23,75.18,517700,2026-08-04
WTS,"Watts Water Technologies",358.09,7.57,+2.16%,+3.32%,359.39,350.429,188400,2026-08-04
HCM,"Hutchmed China Ltd ADR",11.57,0.02,+0.17%,+3.30%,11.64,11.54,12600,2026-08-04
DY,"Dycom Industries",415.08,0.099999999999966,+0.02%,+3.29%,422.475,410.16,537800,2026-08-04
BEP,"Brookfield Renewable",33.04,-0.64,-1.90%,+3.28%,33.96,32.67,1034600,2026-08-04
RNW,"Renew Energy Global Plc Cl A",6.29,0,0.00%,+3.28%,6.35,6.16,1174900,2026-08-04
BBOT,"Bridgebio Oncology Therapeutics Inc",8.87,0.62,+7.52%,+3.26%,8.87,8.23,507000,2026-08-04
DVN,"Devon Energy Corp",44.05,-0.52,-1.17%,+3.26%,44.16,43.2,9813300,2026-08-04
IDXX,"Idexx Laboratories",588.09,20.25,+3.57%,+3.26%,624.15,584.26,1561600,2026-08-04
MARA,"Mara Holdings Inc",11.75,0,0.00%,+3.25%,11.91,11.29,30234299,2026-08-04
AU,"Anglogold Ashanti Ltd ADR",81.5,-0.11,-0.13%,+3.23%,83.9,81.3175,2635400,2026-08-04
PNRG,"Primeenergy Corp",186.48,0.84,+0.45%,+3.23%,187.89,181.01,77600,2026-08-04
FBIN,"Fortune Brands Innovations Inc",52.73,0.56,+1.07%,+3.21%,53.935,52.235,3488800,2026-08-04
WAT,"Waters Corp",396.08,21.34,+5.69%,+3.17%,402.18,379.5,1999900,2026-08-04
LYTS,"L S I Industries",24.73,0.61,+2.53%,+3.17%,24.9,24.45,274200,2026-08-04
HCC,"Warrior Met Coal Inc",81.5,1,+1.24%,+3.16%,82.77,80.93,487200,2026-08-04
VTVT,"Vtv Theraptcs Cl A",32.06,-0.33,-1.02%,+3.15%,33.45,31.5,63400,2026-08-04
PBI,"Pitney Bowes Inc",18.39,0.32,+1.77%,+3.14%,18.615,18.145,2054700,2026-08-04
SPHL,"Springview Holdings Ltd",2.63,0.03,+1.15%,+3.14%,2.66,2.61,3900,2026-08-04
CHMI,"Cherry Hill Mortgage Investmen",2.3,-0.02,-0.86%,+3.14%,2.3399,2.29,158100,2026-08-04
FUL,"H. B. Fuller Company",58.9,1.89,+3.32%,+3.13%,58.99,56.915,930600,2026-08-04
CHNR,"China Natural Res",3.72,0.03,+0.95%,+3.11%,3.79,3.67,2500,2026-08-04
DXR,"Daxor Corp",10.52,-0.33,-3.04%,+3.04%,10.99,10.11,3100,2026-08-04
SD,"Sandridge Energy Inc",13.55,-0.08,-0.59%,+3.04%,13.61,13.23,373600,2026-08-04
UMBF,"UMB Financial Corp",148.33,1.29,+0.88%,+3.02%,150,146.4,703600,2026-08-04
CQP,"Cheniere Energy Partners LP",66,-1.,-1.49%,+3.00%,66.71,65.5,110700,2026-08-04
UTSI,"Utstarcom Holdings C",2.5,0.03,+1.01%,+3.00%,2.5,2.41,2000,2026-08-04
INR,"Infinity Natural Resources Inc Cl A",12.84,-0.13,-1.00%,+2.97%,13.03,12.61,229400,2026-08-04
PAX,"Patria Investments Ltd Cl A",11.43,0.26,+2.33%,+2.97%,11.69,11.3,1694200,2026-08-04
ENIC,"Enersis Chile S.A. ADR",4.5,-0.01,-0.22%,+2.97%,4.62,4.5,526900,2026-08-04
ANRO,"Alto Neuroscience Inc",28.23,0.96,+3.52%,+2.95%,28.5,27,555400,2026-08-04
ESTA,"Establishment Labs Holdings Inc",94.61,1.81,+1.95%,+2.95%,95.28,93.34,506200,2026-08-04
KNOP,"Knot Offshore Partners LP",10.5,-0.2,-1.87%,+2.94%,10.65,10.38,25500,2026-08-04
MINE,"Mayfair Gold Corp",2.45,0.1,+4.26%,+2.94%,2.51,2.3535,5600,2026-08-04
BOOT,"Boot Barn Holdings Inc",163.28,4.68,+2.95%,+2.94%,165.63,161.315,913100,2026-08-04
WLTH,"Wealthfront Corp",9.82,0.16,+1.66%,+2.94%,9.83,9.44,749000,2026-08-04
IZEA,"Izea Inc",3.55,0.1,+2.90%,+2.90%,3.6,3.45,28200,2026-08-04
MRP,"Millrose Properties Inc",29.42,0.77,+2.69%,+2.90%,29.52,28.1,1776600,2026-08-04
MAKO,"Mako Mining Corp",7.48,0.26,+3.60%,+2.89%,7.58,7.31,138900,2026-08-04
OZ,"Belpointe Prep Llc Cl A Units",46.7,1.24,+2.73%,+2.86%,46.7,45.425,18900,2026-08-04
ITT,"ITT Inc",204.65,6.21,+3.13%,+2.84%,205.92,196.71,1703500,2026-08-04
SIBN,"Si-Bone Inc",18.44,-0.01,-0.05%,+2.84%,19.35,17.72,1246000,2026-08-04
DLO,"Dlocal Ltd Cl A",15.3,-0.01,-0.07%,+2.82%,15.51,15.23,1212000,2026-08-04
NKTR,"Nektar Therapeutics",72.76,2.17,+3.07%,+2.81%,73.09,71,717900,2026-08-04
GLIBK,"Gci Liberty Inc Series C Gci",23.93,0.25,+1.06%,+2.79%,24.02,23.36,326600,2026-08-04
AVNT,"Avient Corp",38.17,0.78,+2.09%,+2.77%,38.205,37.31,656700,2026-08-04
BBWI,"Bath & Body Works Inc",21.06,0.09,+0.43%,+2.73%,21.13,20.7,4323100,2026-08-04
STRZ,"Starz Entertainment Corp",26.39,0.34,+1.31%,+2.72%,26.99,25.86,95200,2026-08-04
ZURA,"Zura Bio Ltd",5.69,0.17,+3.08%,+2.71%,5.73,5.57,702600,2026-08-04
ALT,"Altimmune Inc",3.07,0.07,+2.33%,+2.68%,3.08,2.95,8162900,2026-08-04
BCIC,"Bcp Investment Corporation",7.32,-0.06,-0.81%,+2.66%,7.37,7.26,33500,2026-08-04
SHG,"Shinhan Financial Group Ltd ADR",71.67,0.48999999999999,+0.69%,+2.66%,72.5,71.17,190200,2026-08-04
LEE,"Lee Enterprises Inc",8.15,0.27,+3.43%,+2.64%,8.34,7.82,59000,2026-08-04
CMPR,"Cimpress N.V. Ord",102.75,3.51,+3.54%,+2.63%,104,97.31,183500,2026-08-04
EL,"Estee Lauder Companies",86.97,2.29,+2.70%,+2.62%,87,83.38,3233200,2026-08-04
WHF,"Whitehorse Finance",6.65,0.14,+2.15%,+2.62%,6.68,6.39,50900,2026-08-04
SFST,"Southern First Bancs",64.12,0.67,+1.06%,+2.61%,64.97,63.12,109100,2026-08-04
TRIN,"Trinity Capital Inc",18.16,0.33,+1.85%,+2.60%,18.245,17.83,1314200,2026-08-04
CSPI,"C S P Inc",8.34,0.17,+2.08%,+2.58%,8.45,8.21,5600,2026-08-04
NEPH,"Nephros Inc",3.59,0.08,+2.28%,+2.57%,3.75,3.41,6300,2026-08-04
ABR,"Arbor Realty Trust",5.22,0.06,+1.16%,+2.55%,5.265,5.09,5374000,2026-08-04
MMLP,"Martin Midstrm LP",2.44,-0.01,-0.44%,+2.52%,2.55,2.33,8900,2026-08-04
CCI,"Crown Castle",77.66,0.92,+1.20%,+2.52%,78.31,75.1,4050400,2026-08-04
OMAB,"Grupo Aeroportuario ADR",111,4.27,+4.00%,+2.52%,112.16,107.13,75200,2026-08-04
FRST,"Primis Financial Corp",16.4,0.06,+0.37%,+2.50%,16.53,16.16,176900,2026-08-04
ALTI,"Alti Global Inc",3.72,-0.16,-4.12%,+2.48%,3.96,3.72,129500,2026-08-04
PALI,"Palisade Bio Inc",2.07,0.13,+6.70%,+2.48%,2.08,1.92,1646400,2026-08-04
HIVE,"Hive Digital Technologies Ltd",2.91,0.02,+0.69%,+2.46%,2.98,2.86,14345301,2026-08-04
CLRB,"Cellectar Biosciences Inc",2.56,-0.1,-3.76%,+2.40%,2.7,2.53,38800,2026-08-04
AERT,"Aeries Technology Inc",6.5,-0.06,-0.91%,+2.36%,6.89,6.32,8600,2026-08-04
SIGI,"Selective Ins Group",96.63,1.21,+1.27%,+2.36%,97.16,94.29,556300,2026-08-04
BSAC,"Banco Santander Chile ADR",34.73,0.019999999999996,+0.06%,+2.33%,35.2,34.63,276300,2026-08-04
GCBC,"Greene County Bncp",34.63,0.43,+1.26%,+2.33%,34.88,34.06,20800,2026-08-04
BCH,"Banco DE Chile ADR",41.38,-0.17,-0.41%,+2.32%,42,41.38,436000,2026-08-04
SENEA,"Seneca Foods Corp A",174.29,4.14,+2.43%,+2.32%,175.03,165.99,77300,2026-08-04
ECOR,"Electrocore Inc",6.23,0.14,+2.30%,+2.30%,6.68,6,197900,2026-08-04
LAZ,"Lazard Inc",43.74,0.55,+1.27%,+2.29%,44.62,43.24,1222300,2026-08-04
CLH,"Clean Harbors",310.61,-0.37,-0.12%,+2.29%,311.85,303.46,506200,2026-08-04
GNK,"Genco Shipping & Trading Ltd",25.97,-0.27,-1.03%,+2.28%,26.7299,25.825,647100,2026-08-04
ADV,"Advantage Solutions Inc",41.72,2.07,+5.22%,+2.25%,41.75,39.63,55500,2026-08-04
LNN,"Lindsay Corp",117.73,4.54,+4.01%,+2.25%,118.1,113.05,101800,2026-08-04
NRIX,"Nurix Therapeutics Inc",24.69,1.47,+6.33%,+2.24%,24.83,23.24,1191500,2026-08-04
GEL,"Genesis Energy LP",15.08,-0.36,-2.33%,+2.24%,15.31,14.95,217100,2026-08-04
AMH,"American Homes 4 Rent",34.53,0.020000000000003,+0.06%,+2.22%,34.69,34.05,3173800,2026-08-04
IRT,"Independence Realty Trust Inc",17.06,0.3,+1.79%,+2.22%,17.125,16.52,7840000,2026-08-04
ASB,"Associated Banc-Corp",31.75,0.35,+1.11%,+2.22%,31.995,31.31,1821400,2026-08-04
SRI,"Stoneridge Inc",7.54,0.09,+1.21%,+2.17%,7.59,7.31,101400,2026-08-04
FULC,"Fulcrum Therapeutics Inc",3.8,0.09,+2.43%,+2.15%,3.84,3.69,2349300,2026-08-04
DOMO,"Domo Inc Cl B",3.84,-0.07,-1.79%,+2.13%,4.01,3.81,1369600,2026-08-04
AZUL,"Azul S.A. ADR",8.67,-0.08,-0.91%,+2.12%,8.8,8.65,28300,2026-08-04
PLAY,"Dave & Buster's Entertainment",10.61,-0.96,-8.30%,+2.12%,11.22,10.43,2124400,2026-08-04
VNO,"Vornado Realty Trust",40.91,0.98,+2.45%,+2.12%,41.6,39.4,4879500,2026-08-04
KEQU,"Kewaunee Scientifi",36.3,-1.07,-2.86%,+2.11%,36.53,36.3,1600,2026-08-04
TLF,"Tandy Leather Fctry",2.43,0.06,+2.53%,+2.10%,2.44,2.39,17700,2026-08-04
DOCS,"Doximity Inc Cl A",21.89,0.23,+1.06%,+2.10%,22.03,21.41,2743500,2026-08-04
OVBC,"Ohio Valley Banc Corp",42.89,0.23,+0.54%,+2.09%,43.3,41.95,33500,2026-08-04
FPI,"Farmland Partners Inc",9.75,0.18,+1.88%,+2.09%,9.78,9.49,495300,2026-08-04
PERI,"Perion Network Ltd",9.81,0.09,+0.93%,+2.08%,9.95,9.75,370600,2026-08-04
FBNC,"First Bancorp [Nc]",65.55,1.63,+2.55%,+2.07%,65.95,63.93,262300,2026-08-04
HLF,"Herbalife Ltd",12.8,0.07,+0.55%,+2.07%,12.985,12.575,1065700,2026-08-04
RGR,"Sturm Ruger & Company",39.13,0.58000000000001,+1.50%,+2.06%,39.42,38.56,150400,2026-08-04
WMK,"Weis Markets",78.22,-0.11,-0.14%,+2.06%,79.42,77.3,243700,2026-08-04
CSTM,"Constellium Se",29.68,1.26,+4.43%,+2.06%,29.8,29,1607400,2026-08-04
YALA,"Yalla Group Ltd ADR",5.54,0.0099999999999998,+0.18%,+2.03%,5.58,5.46,380800,2026-08-04
SWBI,"Smith & Wesson Brands Inc",14.97,0.21,+1.42%,+1.98%,15.01,14.72,396600,2026-08-04
INTR,"Inter Cl A",5.7,0.07,+1.24%,+1.97%,5.73,5.58,3837800,2026-08-04
IMKTA,"Ingles Markets Inc",91.74,-0.06,-0.07%,+1.97%,92.3,89.64,129700,2026-08-04
BXSL,"Blackstone Secured Lending Fund",23.78,0.23,+0.98%,+1.97%,23.89,23.35,1517000,2026-08-04
SELF,"Global Self Storage",5.19,0.03,+0.58%,+1.96%,5.22,5.06,35700,2026-08-04
RHLD,"Resolute Holdings Management",135.72,2,+1.50%,+1.96%,143.15,133.8,175800,2026-08-04
PRHI,"Presurance Holdings Inc",5.2,-0.37,-6.64%,+1.96%,5.57,5.2,1900,2026-08-04
CURR,"Currenc Group Inc",3.14,-0.09,-2.79%,+1.95%,3.25,3.1,124000,2026-08-04
HWBK,"Hawthorn Bancshares",39.64,0.3,+0.76%,+1.90%,40.33,38.42,20700,2026-08-04
CNL,"Collective Mng Ltd",12.93,0.3,+2.38%,+1.89%,13.55,12.69,85000,2026-08-04
PHUN,"Phunware Inc",2.18,0.01,+0.46%,+1.87%,2.23,2.12,121200,2026-08-04
USGO,"U.S. Goldmining Inc",7.63,0.15,+2.01%,+1.87%,7.82,7.51,49200,2026-08-04
WVE,"Wave Life Sci Ord Sh",6,0.26,+4.53%,+1.87%,6.01,5.67,2262300,2026-08-04
RMBI,"Richmond Mutual Bancorp Inc",15.76,0.05,+0.32%,+1.87%,15.94,15.43,124200,2026-08-04
RVSB,"Riverview Bancorp",5.47,0.08,+1.58%,+1.86%,5.55,5.37,54200,2026-08-04
DOYU,"Douyu International Holdings Ltd ADR",4.73,0.03,+0.72%,+1.81%,4.87,4.5,27600,2026-08-04
SBUX,"Starbucks Corp",104.97,1.6,+1.55%,+1.81%,105.66,101.8,9530800,2026-08-04
KRC,"Kilroy Realty Corp",39.36,0.36,+0.92%,+1.81%,39.535,38.265,809100,2026-08-04
GEO,"Geo Group Inc",31.29,-0.05,-0.16%,+1.79%,31.665,31.14,1061600,2026-08-04
GSM,"Ferroglobe Plc Os",3.42,0.17,+5.23%,+1.79%,3.46,3.26,3568300,2026-08-04
TARA,"Artara Therapeutics Inc",4.01,0.04,+1.01%,+1.78%,4.09,3.97,425700,2026-08-04
SMC,"Summit Midstream Corporation",30.38,-0.81,-2.60%,+1.78%,31.69,29.97,85300,2026-08-04
IIIV,"I3 Verticals Inc Cl A",21.84,0.47,+2.20%,+1.77%,22.08,21.4,358400,2026-08-04
TGS,"Transportadora DE Gas Sa Ord B ADR",30.04,-1.06,-3.41%,+1.76%,31.395,29.62,399400,2026-08-04
MTH,"Meritage Corp",74.53,2.23,+3.08%,+1.76%,74.97,72.5,915900,2026-08-04
WFC,"Wells Fargo & Company",88.39,0.5,+0.57%,+1.75%,89.43,87.37,16454000,2026-08-04
PAYS,"Paysign Inc",9.28,0.03,+0.32%,+1.75%,9.49,9.22,552100,2026-08-04
TRVI,"Trevi Therapeutics Inc",18.75,0.85,+4.75%,+1.74%,18.77,18,2484600,2026-08-04
HAFC,"Hanmi Financial Corp",32.37,0.36,+1.12%,+1.73%,32.65,31.97,259700,2026-08-04
TG,"Tredegar Corp",7.67,0.02,+0.26%,+1.72%,7.725,7.63,92800,2026-08-04
VLGEA,"Village Super Mkt",44.32,0.42,+0.96%,+1.72%,45.05,43.18,43400,2026-08-04
PLX,"Protalix Biotherapeutics",2.37,0.05,+2.16%,+1.72%,2.39,2.32,716100,2026-08-04
SLGL,"Sol-Gel Technologies Ltd",84.5,2.51,+3.06%,+1.72%,85.4,81.07,40000,2026-08-04
NIO,"Nio Inc ADR",4.76,-0.05,-1.04%,+1.71%,4.835,4.705,23351700,2026-08-04
UFCS,"United Fire Group",53.66,1.57,+3.01%,+1.71%,54.93,51.67,246100,2026-08-04
IFS,"Intercorp Financial Services Inc",59,-0.8,-1.34%,+1.69%,60.39,59,131200,2026-08-04
OC,"Owens Corning Inc",145.53,2.32,+1.62%,+1.68%,146.09,142.09,1318000,2026-08-04
AOMR,"Angel Oak Mortgage REIT Inc",9.12,0.34,+3.87%,+1.67%,9.2,8.6075,153500,2026-08-04
BSVN,"Bank7 Corp",51.01,0.7,+1.39%,+1.67%,51.63,50,47100,2026-08-04
ARIS,"Aris Mining Corp",14.71,0.32,+2.22%,+1.66%,14.92,14.31,2269000,2026-08-04
PFBC,"Preferred Bank LA",106.93,0.83,+0.78%,+1.66%,107.26,104.96,109200,2026-08-04
USAC,"USA Compression Partners LP",26.32,0.62,+2.41%,+1.66%,26.4,25.6415,211300,2026-08-04
TXO,"Txo Partners L.P.",12.98,-0.19,-1.44%,+1.64%,13.1775,12.85,172600,2026-08-04
NSYS,"Nortech Systems IN",14.69,0.6,+4.26%,+1.63%,15.3,14.05,19800,2026-08-04
OBDC,"Blue Owl Capital Corp",11.2,0.2,+1.82%,+1.63%,11.24,10.97,6978800,2026-08-04
PAR,"Par Technology Corp",17.43,0.09,+0.52%,+1.63%,17.69,16.995,725600,2026-08-04
SLRC,"Slr Investment Corp",13.18,0.18,+1.38%,+1.62%,13.18,12.97,408400,2026-08-04
ADXN,"Addex Therapeutics Ltd ADR",5.69,0.49,+9.42%,+1.61%,6.16,5.69,2500,2026-08-04
EQIX,"Equinix Inc",1051.53,20.09,+1.95%,+1.61%,1055.9,1011.29,740600,2026-08-04
FLNT,"Fluent Inc",3.49,-0.01,-0.29%,+1.60%,3.64,3.45,14300,2026-08-04
OFLX,"Omega Flex Inc",30.78,0.61,+2.02%,+1.58%,30.92,29.91,64500,2026-08-04
MSM,"Msc Industrial Direct Company",126.74,1.83,+1.47%,+1.57%,127.35,121.89,597900,2026-08-04
PAL,"Proficient Auto Logistics Inc",7.13,0.32,+4.70%,+1.57%,7.14,6.76,104700,2026-08-04
LYV,"Live Nation Entertainment",183.7,2.01,+1.11%,+1.56%,185.45,181.545,3043700,2026-08-04
GSBC,"Great Southern Bncp",82.02,0.66,+0.81%,+1.55%,82.11,80.47,64800,2026-08-04
ISBA,"Isabella Bank Corp",40.6,0.36,+0.89%,+1.55%,40.82,39.4,66800,2026-08-04
MSTR,"Strategy Inc",97.65,2.79,+2.94%,+1.55%,97.98,93.4,15220700,2026-08-04
BC,"Brunswick Corp",83.27,3.88,+4.89%,+1.54%,83.89,79.36,682400,2026-08-04
MHH,"Mastech Holdings Inc",7.93,-0.02,-0.25%,+1.54%,7.99,7.81,13700,2026-08-04
CRMT,"America's Car-Mart",3.31,-0.19,-5.43%,+1.53%,3.66,3.27,304800,2026-08-04
NUS,"NU Skin Enterprises",5.33,0.17,+3.29%,+1.52%,5.39,5.13,619100,2026-08-04
OABI,"Omniab Inc",2,0.04,+2.04%,+1.52%,2.04,1.94,352500,2026-08-04
QMCO,"Quantum Corp",11.45,0.89,+8.43%,+1.51%,11.63,10.76,1192400,2026-08-04
KTCC,"Key Tronic Corp",4.06,0.12,+3.05%,+1.50%,4.15,4.05,15600,2026-08-04
VIRC,"Virco MFG Corp",6.11,-0.04,-0.65%,+1.50%,6.21,6.09,20100,2026-08-04
EIG,"Employers Holdings Inc",50.71,0.060000000000002,+0.12%,+1.48%,50.8599,49.82,254500,2026-08-04
CABA,"Cabaletta Bio Inc",2.77,0.08,+2.97%,+1.47%,2.82,2.7,2710100,2026-08-04
NGVT,"Ingevity Corp",75.58,2.17,+2.96%,+1.46%,75.93,72.71,279400,2026-08-04
CGBD,"Carlyle Secured Lending Inc",10.49,0.23,+2.24%,+1.45%,10.55,10.29,523400,2026-08-04
CMT,"Core Molding Technologies Inc",24.55,0.55,+2.29%,+1.45%,26.02,23.65,28900,2026-08-04
LEGH,"Legacy Housing Corp",27.26,1,+3.81%,+1.45%,27.52,26.23,181000,2026-08-04
WYHG,"Wing Yip Food Holdings Group ADR",3.49,0.04,+1.16%,+1.45%,3.9,3.35,11300,2026-08-04
DJCO,"Daily Journal Corp",600.15,12.26,+2.09%,+1.44%,600.64,584.21,43100,2026-08-04
TSBK,"Timberland Bancorp",45.07,-0.4,-0.88%,+1.44%,45.49,44.51,31900,2026-08-04
CETX,"Cemtrex Inc",2.83,0.17,+6.39%,+1.43%,2.86,2.65,95400,2026-08-04
AURA,"Aura Biosciences Inc",7.15,0.11,+1.56%,+1.42%,7.23,7.04,277500,2026-08-04
AIRG,"Airgain Inc",5.75,0.06,+1.05%,+1.41%,5.87,5.72,65700,2026-08-04
HZO,"Marinemax Inc",35.98,0.86,+2.45%,+1.41%,36.38,35.02,276700,2026-08-04
PFLT,"Pennantpark Fltng Rt",7.21,0.06,+0.84%,+1.41%,7.235,7.09,975300,2026-08-04
INVH,"Invitation Homes Inc",30.47,-0.02,-0.07%,+1.40%,30.53,30.01,3840300,2026-08-04
MELI,"Mercadolibre Inc",1888.5,-10.29,-0.54%,+1.39%,1906.38,1864.56,448600,2026-08-04
BIIB,"Biogen Inc",208.45,6.63,+3.29%,+1.38%,209.74,199.93,1205700,2026-08-04
BMRC,"Bank of Marin Bancrp",29.5,0.2,+0.68%,+1.37%,29.73,29.24,160300,2026-08-04
ISTR,"Investar Holding",30.55,0.4,+1.33%,+1.36%,30.73,30.01,114300,2026-08-04
ZDGE,"Zedge Inc Cl B",2.98,0,0.00%,+1.36%,3.07,2.96,84800,2026-08-04
RGC,"Regencell Bioscience Holdings Ltd",6.05,-0.08,-1.31%,+1.34%,6.4,5.9,231800,2026-08-04
CVBF,"Cvb Financial Corp",23.1,0.24,+1.05%,+1.32%,23.29,22.71,1398200,2026-08-04
FNB,"F.N.B. Corp",19.38,0.19,+0.99%,+1.31%,19.5,19.09,3243100,2026-08-04
PASG,"Passage Bio Inc",4.63,0.14,+3.12%,+1.31%,4.75,4.35,38100,2026-08-04
BTG,"B2Gold Corp",3.89,0.04,+1.04%,+1.30%,3.98,3.85,25756800,2026-08-04
LOCO,"El Pollo Loco",16.52,-0.03,-0.18%,+1.29%,16.81,16.33,405200,2026-08-04
AYI,"Acuity Inc",348.58,14.09,+4.21%,+1.28%,349.55,334.48,263000,2026-08-04
MNKD,"Mannkind Corp",3.96,0.16,+4.21%,+1.28%,4,3.78,5118100,2026-08-04
TR,"Tootsie Roll Industries",39.61,0.19,+0.48%,+1.28%,39.99,38.761,160600,2026-08-04
AD,"Array Digital Infrastructure Inc",35.44,0.44,+1.26%,+1.26%,35.82,34.83,169000,2026-08-04
KMT,"Kennametal Inc",36.06,1.16,+3.32%,+1.26%,36.41,34.61,2193600,2026-08-04
BOC,"Boston Omaha Corp Cl A",14.59,0.13,+0.90%,+1.25%,14.69,14.39,143100,2026-08-04
GLP,"Global Partners LP",49.24,-0.51,-1.03%,+1.25%,49.535,48.7472,61900,2026-08-04
ZH,"Zhihu Inc ADR",3.3,-0.01,-0.30%,+1.23%,3.35,3.295,152000,2026-08-04
NAAS,"Nass Technology Inc ADR",3.38,0.06,+1.75%,+1.22%,3.5,3.3,18200,2026-08-04
WNW,"Meiwu Technology Ltd",2.5,-0.12,-4.58%,+1.21%,2.58,2.48,25200,2026-08-04
BKKT,"Bakkt Inc",7.56,0.21,+2.86%,+1.20%,7.7,7.24,886800,2026-08-04
OLMA,"Olema Pharmaceuticals Inc",11.76,0.48,+4.26%,+1.20%,11.96,11.3,1217400,2026-08-04
IMVT,"Immunovant Inc",39.36,0.85,+2.21%,+1.18%,39.76,38.8,990600,2026-08-04
SLVM,"Sylvamo Corp",39.38,1.11,+2.90%,+1.18%,39.595,38.02,266800,2026-08-04
TNC,"Tennant Company",89.22,3.4,+3.96%,+1.16%,89.32,84.675,171700,2026-08-04
GRVY,"Gravity Ltd ADR",62.71,0.93,+1.51%,+1.15%,63.51,61.7,28200,2026-08-04
KBR,"KBR Inc",37.83,0.73999999999999,+2.00%,+1.15%,38.04,36.5156,1171700,2026-08-04
AKO.A,"Embotell Andina Sa Cl A ADR",23.26,0.07,+0.30%,+1.13%,23.49,23.26,1400,2026-08-04
EXOD,"Exodus Movement Inc",5.44,0.14,+2.64%,+1.12%,5.45,5.1925,30500,2026-08-04
DFDV,"DeFi Development Corp",2.75,0.1,+3.77%,+1.10%,2.79,2.65,564200,2026-08-04
PPIH,"Perma-Pipe International Holdings Inc",25.69,1.03,+4.18%,+1.10%,25.79,24.63,93900,2026-08-04
HD,"Home Depot",348.24,8.22,+2.42%,+1.09%,350.86,339.35,4275000,2026-08-04
EBMT,"Eagle Bancorp [Mt]",23.82,0.25,+1.06%,+1.06%,24,23.15,34700,2026-08-04
PSMT,"Pricesmart Inc",193.37,-3.76,-1.91%,+1.06%,198.52,193.3,191100,2026-08-04
MKC,"Mccormick & Company",52.06,0.54,+1.05%,+1.03%,52.2,50.49,2355300,2026-08-04
RZLT,"Rezolute Inc",4.97,0.06,+1.22%,+1.02%,5.25,4.95,2541300,2026-08-04
SRTS,"Sensus Healthcare Inc",2.97,0.05,+1.71%,+1.02%,3,2.95,19800,2026-08-04
PNC,"PNC Bank",254.14,2.42,+0.96%,+1.01%,256.175,250.69,1327800,2026-08-04
XP,"XP Inc Cl A",16.97,-0.06,-0.35%,+1.01%,17.44,16.89,4225100,2026-08-04
CD,"Chaince Digital Holdings Inc",3.1,0.11,+3.68%,+0.98%,3.13,2.97,211600,2026-08-04
FINW,"Finwise Bancorp",14.1,-0.19,-1.36%,+0.97%,14.5,13.99,43000,2026-08-04
ONB,"Old National Bncp",27.15,0.3,+1.12%,+0.97%,27.36,26.75,4547800,2026-08-04
CANF,"Can-Fite Biopharma Ltd ADR",3.19,0.02,+0.63%,+0.95%,3.28,3.19,32500,2026-08-04
PBM,"Psyence Biomedical Ltd",3.19,0.04,+1.27%,+0.95%,3.3,3.08,33100,2026-08-04
BPOP,"Popular Inc",175.79,2.14,+1.23%,+0.94%,176.79,172.69,385600,2026-08-04
NEXM,"Nexmetals Mining Corp",2.14,-0.05,-2.28%,+0.94%,2.24,2.05,20600,2026-08-04
RBB,"Rbb Bancorp",26.81,0.28,+1.06%,+0.94%,26.93,26.41,131200,2026-08-04
GBDC,"Golub Capital Bdc",13.08,-0.11,-0.83%,+0.93%,13.23,13,1750000,2026-08-04
RNST,"Renasant Corp",44.3,0.37,+0.84%,+0.93%,44.54,43.475,588100,2026-08-04
BVFL,"Bv Financial Inc MD",21.55,-0.02,-0.09%,+0.87%,21.8,21.08,36000,2026-08-04
EFSC,"Enterprises Finl Svc",67.3,0.5,+0.75%,+0.87%,67.97,66.56,223200,2026-08-04
OESX,"Orion Energy Systems Inc",10.4,0.16,+1.56%,+0.87%,10.99,9.87,36200,2026-08-04
YDES,"Yd Bio Limited",2.32,0.02,+0.87%,+0.87%,2.43,2.28,5400,2026-08-04
CRI,"Carter's Inc",39.8,-0.09,-0.23%,+0.86%,40.21,38.54,1343800,2026-08-04
RMCO,"Royalty Management Holding Corp",2.35,0.05,+2.17%,+0.86%,2.48,2.34,5900,2026-08-04
BLTE,"Belite Bio Inc ADR",157.27,2.48,+1.60%,+0.85%,158.43,154.54,105500,2026-08-04
ISOU,"Isoenergy Ltd",9.46,-0.07,-0.73%,+0.85%,9.86,9.38,189600,2026-08-04
LLYVK,"Liberty Live Holdings Inc Series C",103.54,0.69,+0.68%,+0.85%,104.69,102.26,352500,2026-08-04
DEA,"Easterly Government Properties",25.43,0.14,+0.55%,+0.83%,25.5799,24.905,532900,2026-08-04
PDLB,"Ponce Financial Group Inc",20.66,0.15,+0.73%,+0.83%,20.74,20.3,108600,2026-08-04
BAP,"Credicorp Ltd",392.12,-3.67,-0.93%,+0.82%,400.61,390.79,316400,2026-08-04
FULT,"Fulton Financial Cor",24.88,0.25,+1.02%,+0.81%,25.06,24.54,1761300,2026-08-04
WAL,"Western Alliance Bancorp",84.33,1.51,+1.82%,+0.81%,85.48,82.915,1275100,2026-08-04
GSBD,"Goldman Sachs Bdc Inc",8.95,0.13,+1.47%,+0.79%,8.99,8.78,1207100,2026-08-04
BCSF,"Bain Capital Specialty Finance Inc",12.94,0.24,+1.89%,+0.78%,12.96,12.655,409300,2026-08-04
KRP,"Kimbell Royalty Partners",14.6,-0.17,-1.15%,+0.76%,14.8275,14.57,1000500,2026-08-04
SEG,"Seaport Entertainment Group Inc",26.57,0.51,+1.96%,+0.76%,26.74,25.59,108000,2026-08-04
EIKN,"Eikon Therapeutics Inc",9.56,0.41,+4.48%,+0.74%,9.6,9.1,395900,2026-08-04
COFS,"Choiceone Financial",34.49,0.28,+0.82%,+0.73%,34.79,34.14,79300,2026-08-04
DHX,"Dice Holdings",4.14,0.1,+2.48%,+0.73%,4.24,4.05,166300,2026-08-04
PDM,"Piedmont Realty Trust Inc",9.69,-0.19,-1.92%,+0.73%,9.84,9.67,789700,2026-08-04
AUB,"Atlantic Union Bancshares Corp",43.39,0.62,+1.45%,+0.72%,43.545,42.56,1152600,2026-08-04
KBDC,"Kayne Anderson Bdc Inc",13.9,0.23,+1.68%,+0.72%,13.98,13.71,407300,2026-08-04
TRS,"Trimas Corp",40.51,0.07,+0.17%,+0.72%,41.5,40.27,549400,2026-08-04
CPF,"Central Pacific Financial Company",39.99,0.31,+0.78%,+0.71%,40.9899,39.38,146900,2026-08-04
MDRR,"Medalist Diversified Inc",11.38,-0.35,-3.03%,+0.71%,11.4,11.38,1000,2026-08-04
DAN,"Dana Inc",27.57,-0.06,-0.22%,+0.69%,27.86,27.03,1705100,2026-08-04
GILD,"Gilead Sciences Inc",135.25,4.1,+3.13%,+0.69%,135.57,129.54,10091300,2026-08-04
NTWK,"Netsol Tech Inc",4.35,0.1,+2.35%,+0.69%,4.44,4.22,41200,2026-08-04
VOYA,"VOYA Financial Inc",100.68,0.61000000000001,+0.61%,+0.67%,101.28,99.79,1054500,2026-08-04
AER,"Aercap Holdings N.V.",155.08,1.43,+0.93%,+0.64%,155.57,153.81,977800,2026-08-04
APD,"Air Products and Chemicals",294.71,1.77,+0.60%,+0.64%,296.93,288,1063900,2026-08-04
BKTI,"Bk Technologies Inc",80.51,0.35000000000001,+0.44%,+0.64%,81.88,80.06,24900,2026-08-04
CSAN,"Cosan Sa Spon ADR WI",3.13,-0.1,-3.10%,+0.64%,3.3,3.09,1650100,2026-08-04
ET,"Energy Transfer LP",20.33,0.049999999999997,+0.25%,+0.64%,20.68,20.31,15662500,2026-08-04
STNE,"Stoneco Ltd Cl A",11.23,-0.12,-1.06%,+0.63%,11.45,11.12,2255400,2026-08-04
BMA,"Banco Macro S.A. ADR",91.39,-1.37,-1.48%,+0.62%,95.54,90.5,201200,2026-08-04
KINS,"Kingstone Cos Inc",20.31,0.15,+0.74%,+0.59%,20.47,19.97,68300,2026-08-04
TEO,"Telecom Argentina Stet France Telecom ADR",13.68,-0.21,-1.51%,+0.59%,14.09,13.39,389400,2026-08-04
AFRI,"Forafric Global Plc",10.52,-0.04,-0.38%,+0.57%,10.66,10.46,7500,2026-08-04
BATRK,"Atlanta Braves Holdings Inc C",51.2,0.21,+0.41%,+0.57%,51.49,50.79,480000,2026-08-04
CZR,"Caesars Entertainment Inc",30.12,0.39,+1.31%,+0.57%,30.14,29.71,5166400,2026-08-04
RAPP,"Rapport Therapeutics Inc",42.2,1.41,+3.46%,+0.57%,42.56,40.75,398000,2026-08-04
FNLC,"First Bancorp Inc",35.66,0,0.00%,+0.56%,36.3,35.35,34500,2026-08-04
MKC.V,"Mccormick & Company Inc",51.4,-1.45,-2.74%,+0.53%,52.55,50.92,2500,2026-08-04
SLAB,"Silicon Labs Inc",218.39,0.39,+0.18%,+0.52%,219.23,217.79,173700,2026-08-04
VHI,"Valhi Inc",13.7,0.26,+1.93%,+0.51%,13.9499,13.47,5500,2026-08-04
FRO,"Frontline Plc",38.97,-0.94,-2.36%,+0.49%,40.21,38.72,2052700,2026-08-04
WH,"Wyndham Hotels & Resorts Inc",76.03,0.76000000000001,+1.01%,+0.48%,77.06,75.19,1329000,2026-08-04
CAAS,"China Automotive Sys",4.35,-0.14,-3.12%,+0.46%,4.5,4.34,11800,2026-08-04
CGEM,"Cullinan Therapeutics Inc",17.55,1.3,+8.00%,+0.46%,17.88,16.38,664200,2026-08-04
RSSS,"Research Solutions Inc",2.21,-0.01,-0.45%,+0.45%,2.27,2.21,20200,2026-08-04
SGRY,"Surgery Partners CS",15.65,-0.41,-2.55%,+0.45%,16.1,15.43,1568400,2026-08-04
DTI,"Drilling Tools International Corp",2.27,-0.13,-5.42%,+0.44%,2.42,2.26,310400,2026-08-04
LMNR,"Limoneira Company",13.56,0.4,+3.04%,+0.44%,13.61,13.11,110500,2026-08-04
AVBH,"Avidbank Holdings Inc",32.75,0.02,+0.06%,+0.43%,33.18,32.63,71800,2026-08-04
CHCI,"Comstock Hlds Cos",15.32,0.88,+6.09%,+0.43%,15.34,14.44,25800,2026-08-04
KBH,"KB Home",58.05,1.77,+3.14%,+0.43%,58.19,56.34,789800,2026-08-04
BLCO,"Bausch & Lomb Corp",16.68,-0.09,-0.54%,+0.42%,16.78,16.5,319500,2026-08-04
MCBS,"Metrocity Bankshares Inc",35.96,0.36,+1.01%,+0.42%,36.1,35.35,90900,2026-08-04
CCO,"Clear Channel Outdoor Holdings",2.43,0.01,+0.41%,+0.41%,2.43,2.41,5774600,2026-08-04
CHSCP,"CHS Inc",26.75,0.06,+0.22%,+0.41%,26.93,26.64,14900,2026-08-04
VINP,"Vinci Compass Investments Ltd",9.87,-0.05,-0.50%,+0.41%,10,9.82,18700,2026-08-04
CMP,"Compass Minerals Intl Inc",29.81,1.05,+3.65%,+0.40%,30.4,29.015,500600,2026-08-04
KGC,"Kinross Gold Corp",23.6,0.17,+0.73%,+0.38%,24.38,23.535,8300900,2026-08-04
NC,"Nacco Industries",47.75,-0.36,-0.75%,+0.38%,47.75,47.54,6200,2026-08-04
INVE,"Identiv Inc",2.68,-0.02,-0.74%,+0.37%,2.75,2.66,108100,2026-08-04
HASI,"Ha Sustainable Infrastructure Capital Inc",38.9,0.32,+0.83%,+0.36%,39.435,38.645,977800,2026-08-04
ARBK,"Argo Blockchain Plc ADR",2.89,-0.02,-0.69%,+0.35%,2.98,2.88,7300,2026-08-04
LSBK,"Lake Shore Bancorp",17.17,-0.07,-0.41%,+0.35%,17.28,16.97,12100,2026-08-04
ELPC,"Companhia Paranaense DE Energia [Copel] ADR",11.66,-0.06,-0.51%,+0.34%,11.83,11.605,295300,2026-08-04
IXHL,"Incannex Healthcare Inc ADR",2.97,0.04,+1.37%,+0.34%,3.04,2.93,113600,2026-08-04
LPX,"Louisiana-Pacific Corp",76.81,3.05,+4.14%,+0.34%,77.715,73.01,1987500,2026-08-04
MGRC,"Mcgrath Rentcorp",120.38,0.72,+0.60%,+0.33%,122.06,119.64,250800,2026-08-04
CELH,"Celsius Holdings Inc",29.54,1.31,+4.64%,+0.31%,29.74,27.9,9374500,2026-08-04
ELAN,"Elanco Animal Health Inc",25.6,-0.12,-0.47%,+0.31%,25.98,25.295,9071300,2026-08-04
OGN,"Organon & Co.",13.56,0,0.00%,+0.30%,13.57,13.55,1610700,2026-08-04
GNTX,"Gentex Corp",24.12,0.67,+2.86%,+0.29%,24.15,23.15,2673300,2026-08-04
KRSP,"Rice Acquisition Corporation 3 Cl A",10.5,0.039999999999999,+0.38%,+0.29%,10.5,10.46,29000,2026-08-04
RAMP,"Liveramp Holdings Inc",37.86,-0.03,-0.08%,+0.29%,37.95,37.75,1121900,2026-08-04
EDN,"Empresa Distribuidora Y Comercializadora ADR",25.42,-0.97,-3.68%,+0.28%,26.8029,25,129800,2026-08-04
IBAC,"Ib Acquisition Corp",10.82,0,0.00%,+0.28%,10.82,10.82,2100,2026-08-04
CIIT,"Tianci International Inc",3.77,0.24,+6.80%,+0.27%,3.88,3.53,44300,2026-08-04
FHN,"First Horizon Corp",26.09,0.29,+1.12%,+0.27%,26.22,25.755,6518200,2026-08-04
WEN,"Wendys Company",7.69,0.16,+2.12%,+0.26%,7.74,7.49,5089500,2026-08-04
NFG,"National Fuel Gas Company",81.59,-1.17,-1.41%,+0.25%,82.23,80.85,667400,2026-08-04
BCAL,"California Bancorp",21.57,0.12,+0.56%,+0.23%,21.78,21.36,172500,2026-08-04
FDX,"Fedex Corp",313.34,4.1,+1.33%,+0.22%,314.96,307.81,1273500,2026-08-04
BTGO,"Bitgo Holdings Inc Cl A",4.98,-0.08,-1.58%,+0.20%,5.2499,4.9,1857100,2026-08-04
TVTX,"Travere Therapeutics Inc",56.02,1.04,+1.89%,+0.20%,56.67,54.22,2464200,2026-08-04
PH,"Parker-Hannifin Corp",992.65,-4.87,-0.49%,+0.17%,1005.75,974.04,1013100,2026-08-04
VEL,"Velocity Financial Inc",17.82,0.18,+1.02%,+0.17%,18,17.33,60000,2026-08-04
PEBK,"Peoples Bancorp NC",43.5,0.1,+0.23%,+0.16%,44.76,43.03,76600,2026-08-04
MC,Moelis,68.69,0.13,+0.19%,+0.15%,69.95,68.6,1062700,2026-08-04
CMTV,"Community Bancorp Inc VT",40.72,0.76,+1.90%,+0.12%,40.91,39.76,58300,2026-08-04
GFF,"Griffon Corp",93.58,4.17,+4.66%,+0.12%,94,89.9,411400,2026-08-04
MCFT,"Mastercraft Boat Holdings Inc",25.09,1.05,+4.37%,+0.12%,25.37,24.14,182600,2026-08-04
RL,"Ralph Lauren Corp",377.92,-2.25,-0.59%,+0.12%,385,376.7,924600,2026-08-04
BSBK,"Bogota Financial Corp",9,-0.08,-0.88%,+0.11%,9.55,8.99,16300,2026-08-04
GBTG,"Global Business Travel Group Inc",9.43,0,0.00%,+0.11%,9.44,9.42,4082500,2026-08-04
SLP,"Simulations Plus Inc",18.35,0.04,+0.22%,+0.11%,18.36,18.32,150000,2026-08-04
LGIH,"LGI Homes Inc",61.46,5.36,+9.55%,+0.10%,62.36,56.6,832500,2026-08-04
MZTI,"The Marzetti Company",110.3,-0.45,-0.41%,+0.10%,111.1,108.96,263000,2026-08-04
VACI,"Viking Acquisition Corp. I Cl A",10.13,-0.005,-0.05%,+0.10%,10.14,10.13,56200,2026-08-04
AGCC,"Agencia Comercial Spirits Ltd Cl A",15.13,0.13,+0.83%,+0.07%,15.23,14.9,54600,2026-08-04
GMAB,"Genmab A/S ADR",29.02,0.34,+1.19%,+0.07%,29.32,28.94,1320500,2026-08-04
FSEA,"First Seacoast Bancorp Inc",17.01,0,0.00%,+0.06%,17.16,17.01,6300,2026-08-04
LXFR,"Luxfer Holdings Plc",17.06,-0.08,-0.47%,+0.06%,17.14,17.05,301600,2026-08-04
PBHC,"Pathfinder Bcp MD",16.01,-0.11,-0.68%,+0.06%,16.01,15.47,1400,2026-08-04
OTIS,"Otis Worldwide Corp",73.64,1.45,+2.01%,+0.04%,73.75,71.64,3355400,2026-08-04
NP,"Neptune Insurance Holdings Inc Cl A",31.89,0.26,+0.82%,+0.03%,31.94,30.805,527300,2026-08-04
HUT,"Hut 8 Corp",101.16,-10.92,-9.74%,+0.02%,110.93,100.85,6953600,2026-08-04
LINK,"Interlink Electronics Inc",4.4,-0.16,-3.61%,+0.02%,4.67,4.3,15700,2026-08-04
ANSC,"Agriculture & Natural Solutions Acquisition Cl A",11.45,0,0.00%,0.00%,11.46,11.44,626600,2026-08-04
BENF,"Beneficient Cl A",3.08,-0.16,-4.94%,0.00%,3.29,3.08,7600,2026-08-04
CCM,"Concord Medical Services ADR",4.6,0.1,+2.22%,0.00%,4.86,4.1,38800,2026-08-04
JVA,"Coffee Holding Company",3.4,0.01,+0.29%,0.00%,3.48,3.34,65300,2026-08-04
MESH,"Meshflow Acquisition Corp. Cl A",10.02,0.01,+0.06%,0.00%,10.02,10.02,40100,2026-08-04
NAMI,"Jinxin Technology Holding ADR",2.8,0.04,+1.45%,0.00%,2.97,2.6,5400,2026-08-04
NNNN,"Anbio Biotechnology Cl A",10.15,-0.5,-4.69%,0.00%,11.06,9.3,67800,2026-08-04
ACA,"Arcosa Inc",145.22,-0.1,-0.07%,-0.04%,145.75,145.22,661500,2026-08-04
NSTS,"Nsts Bancorp Inc",13.8,0,0.00%,-0.04%,13.81,13.8,3600,2026-08-04
ECBK,"ECB Bancorp Inc",20.61,0.01,+0.05%,-0.05%,20.64,20.48,9800,2026-08-04
FITB,"Fifth Third Bancorp",57.77,0.87,+1.53%,-0.05%,58.3999,56.58,6808900,2026-08-04
TBPH,"Theravance Bio Ord",16.88,0.01,+0.06%,-0.06%,16.88,16.86,420200,2026-08-04
FRHC,"The Awareness Group",154.5,1.74,+1.14%,-0.08%,156.16,152.99,56100,2026-08-04
MRX,"Marex Group Ltd",64.11,0.09,+0.14%,-0.08%,65.33,63.99,509900,2026-08-04
MTX,"Minerals Technologies Inc",75.21,0,0.00%,-0.09%,75.9999,73.475,330100,2026-08-04
AGI,"Alamos Gold Inc",28.76,0.060000000000002,+0.21%,-0.10%,29.819,28.545,6995200,2026-08-04
SZZL,"Sizzle Acquisition Corp. II Cl A",10.38,0.01,+0.05%,-0.10%,10.38,10.37,70600,2026-08-04
RVTY,"Revvity Inc",111.39,-3.83,-3.32%,-0.11%,117.37,107.73,2587300,2026-08-04
CBSH,"Commerce Bancshares",59.93,0.26,+0.44%,-0.13%,60.47,59.37,983700,2026-08-04
AHRT,"Ah Realty Trust Inc",7.1,0.16,+2.31%,-0.14%,7.165,6.76,1706300,2026-08-04
IDYA,"Ideaya Biosciences Inc",36.11,0.71,+2.01%,-0.14%,36.72,35.21,1250300,2026-08-04
IRM,"Iron Mountain Inc",125.51,1.43,+1.15%,-0.15%,126.365,121.885,2511100,2026-08-04
HOV,"Hovnanian Enterprises Inc",136.3,5.92,+4.54%,-0.16%,136.5099,132.16,140000,2026-08-04
AZ,"A2Z Cust2Mate Solutions Corp",5.89,-0.02,-0.34%,-0.17%,6.24,5.88,229900,2026-08-04
AMCI,"AMC Robotics Corporation",4.77,0.03,+0.63%,-0.21%,4.98,4.75,148200,2026-08-04
OBT,"Orange County Bancor",38.8,0.53,+1.38%,-0.21%,38.94,37.86,57600,2026-08-04
CL,"Colgate-Palmolive Company",92.53,2.65,+2.95%,-0.22%,92.74,89.17,6831300,2026-08-04
CPB,"The Campbell's Company",22.76,0.39,+1.74%,-0.22%,22.87,22.11,4813000,2026-08-04
SCWO,"374Water Inc",2.21,-0.11,-4.74%,-0.23%,2.33,2.21,31300,2026-08-04
SNA,"Snap-On Inc",418.34,8.9299999999999,+2.18%,-0.23%,420.29,405.9274,560200,2026-08-04
LUD,"Luda Technology Group Limited",4.13,0.1,+2.48%,-0.24%,4.34,4.13,10300,2026-08-04
LUXE,"Luxexperience B.V. ADR",8.45,0.2,+2.42%,-0.24%,8.5,8.01,250800,2026-08-04
TWO,"Two Harbors Invt Corp",12.07,0.02,+0.17%,-0.25%,12.07,12.03,8879900,2026-08-04
BWA,"Borgwarner Inc",63.04,-0.27,-0.43%,-0.27%,63.38,60.51,3544100,2026-08-04
HCI,"HCI Group",178.77,-0.51,-0.28%,-0.28%,180.5915,175.56,146700,2026-08-04
PAYO,"Payoneer Global Inc",7.13,0.02,+0.28%,-0.28%,7.14,7.1,5914200,2026-08-04
UVSP,"Univest Corp of Penn",44.85,0.35,+0.79%,-0.31%,45.01,44.24,256200,2026-08-04
WSBK,"Winchester Bancorp Inc",12.99,-0.05,-0.38%,-0.31%,13.02,12.99,3700,2026-08-04
FRAF,"Franklin Finl Svcs Corp",63.78,0.77,+1.22%,-0.33%,64,62.76,35400,2026-08-04
CBIO,"Crescent Biopharma Inc",16.38,1.51,+10.15%,-0.36%,16.5,14.88,258700,2026-08-04
FSTR,"Foster L B Company",41.87,0.38,+0.92%,-0.36%,42.62,41.23,57100,2026-08-04
PODD,"Insulet Corp",166.82,-2.88,-1.70%,-0.39%,170.99,164.31,1749100,2026-08-04
VRM,"Vroom Inc",7.04,-0.11,-1.54%,-0.39%,7.07,7.02,2500,2026-08-04
MSEX,"Middlesex Water Company",57.63,0.78,+1.37%,-0.40%,57.68,55.81,172100,2026-08-04
DEI,"Douglas Emmett",11.96,0.06,+0.50%,-0.42%,12.075,11.69,1977000,2026-08-04
TIGR,"Up Fintech Holding Ltd ADR",4.78,-0.08,-1.65%,-0.42%,4.97,4.74,1932100,2026-08-04
INDB,"Independent Bk Corp",85.75,0.75,+0.88%,-0.45%,86.5,85.03,360100,2026-08-04
NODK,"Ni Holdings Inc",15.58,0.04,+0.26%,-0.45%,16.31,15.42,45700,2026-08-04
STZ,"Constellation Brands",131.42,0.059999999999974,+0.05%,-0.45%,131.55,129.86,1849400,2026-08-04
BUR,"Burford Capital Ltd",4.34,0.09,+2.12%,-0.46%,4.35,4.255,1977000,2026-08-04
COLL,"Collegium Pharma",35.73,0.15,+0.42%,-0.47%,36,35,438600,2026-08-04
CEPU,"Central Puerto S.A. ADR",14.46,-0.49,-3.28%,-0.48%,15.16,14.34,281900,2026-08-04
IHS,"IHS Holding Ltd",8.21,-0.05,-0.61%,-0.48%,8.25,8.21,386300,2026-08-04
RCMT,"R C M Tech Inc",28.72,0.25,+0.88%,-0.49%,28.8,28.16,42300,2026-08-04
KOSS,"Koss Corp",3.7,-0.03,-0.80%,-0.54%,3.75,3.7,16900,2026-08-04
GGAL,"Grupo Fin Galicia ADR",48.92,-1.59,-3.15%,-0.55%,51.02,48.69,757400,2026-08-04
FLXS,"Flexsteel Inds",77.44,-0.28,-0.36%,-0.56%,78.12,76.22,43100,2026-08-04
HTCO,"High-Trend International Group",3.51,-0.1,-2.77%,-0.57%,3.6,3.32,129400,2026-08-04
LCII,"Lci Industries",107.05,3.55,+3.43%,-0.58%,107.42,102.08,321400,2026-08-04
PG,"Procter & Gamble Company",148.01,3.04,+2.10%,-0.58%,148.25,143.79,7362200,2026-08-04
AVB,"Avalonbay Communities",189.25,0.47,+0.25%,-0.60%,189.57,186.48,451900,2026-08-04
NNI,"Nelnet Inc",136.1,-2.15,-1.56%,-0.61%,139.385,131.14,187500,2026-08-04
TFC,"Truist Financial Corp",52.66,0.73999999999999,+1.43%,-0.62%,52.99,51.63,5427000,2026-08-04
AIZ,"Assurant Inc",281.31,-1.08,-0.38%,-0.63%,282.89,278.59,425800,2026-08-04
AUBN,"Auburn Natl Bncp",26.18,-0.07,-0.27%,-0.65%,26.54,25.79,1800,2026-08-04
CNNE,"Cannae Holdings Inc",15.03,0.13,+0.87%,-0.66%,15.06,14.78,562800,2026-08-04
XLO,"Xilio Therapeutics Inc",9.09,0.04,+0.44%,-0.66%,9.24,8.98,20500,2026-08-04
CRWS,"Crown Crafts Inc",2.97,0.02,+0.68%,-0.67%,2.98,2.95,60400,2026-08-04
GROW,"U S Global Inv Inc",2.98,0,0.00%,-0.67%,3.03,2.96,9600,2026-08-04
GEG,"Great Elm Group Inc",2.15,-0.21,-8.90%,-0.69%,2.35,2.15,9900,2026-08-04
ACNT,"Ascent Industries Co.",15.38,-0.15,-0.97%,-0.71%,15.52,15.15,140400,2026-08-04
CASY,"Casey's General Stor",850.66,-9.71,-1.13%,-0.72%,868.59,850.21,376300,2026-08-04
LEN,"Lennar Corp",87.02,1.82,+2.14%,-0.72%,87.4,84.89,1711400,2026-08-04
OPLN,"Openlane Inc",40.05,-1.12,-2.72%,-0.72%,42.1999,39.11,1674800,2026-08-04
PHIN,"Borgwarner Inc",79.92,1.87,+2.40%,-0.72%,80.215,77.79,465500,2026-08-04
RYN,"Rayonier Inc REIT",21.93,0.39,+1.81%,-0.72%,21.95,21.26,6138600,2026-08-04
KMI,"Kinder Morgan Inc",31.38,-0.02,-0.06%,-0.73%,31.605,30.68,12125600,2026-08-04
ONON,"On Holding Ag Cl A",37.61,-0.34,-0.90%,-0.74%,38.5,37.58,3727100,2026-08-04
SKK,"Skk Holdings Limited",4.72,-0.22,-4.35%,-0.74%,5.04,4.72,1900,2026-08-04
PTGX,"Protagonist Therapeutics Inc",135.81,3.53,+2.67%,-0.75%,138.05,132.26,634600,2026-08-04
SBMT,"Silver Bow Mining Corp",6.46,-0.09,-1.37%,-0.77%,6.7,6.46,79000,2026-08-04
MSGS,"Madison Square Garden Sports Corp",394.97,10.09,+2.62%,-0.78%,398.59,386.19,177300,2026-08-04
CENT,"Central Garden",44.07,0.62,+1.43%,-0.81%,44.19,43.03,63600,2026-08-04
OTTR,"Otter Tail Corp",92.82,2.66,+2.95%,-0.82%,94.47,84,655100,2026-08-04
ASIX,"Advansix Inc",20.26,0.17,+0.85%,-0.83%,20.28,19.55,181700,2026-08-04
TKO,"Tko Group Holdings Cl A",184.51,0.59999999999999,+0.33%,-0.83%,194.51,180.25,3015900,2026-08-04
CCEC,"Capital Clean Energy Carriers Corp",22.47,-0.44,-1.90%,-0.84%,23.09,22.36,8600,2026-08-04
HRL,"Hormel Foods Corp",25.34,0.11,+0.44%,-0.86%,25.4,24.835,2896200,2026-08-04
SAMG,"Silvercrest Ast Cm A",10.4,-0.07,-0.67%,-0.86%,10.74,10.28,58300,2026-08-04
BROS,"Dutch Bros Inc Cl A",64.11,-0.87,-1.34%,-0.87%,65.51,63.91,3575400,2026-08-04
CENN,"Cenntro Inc",3.42,-0.01,-0.29%,-0.87%,3.45,3.34,6800,2026-08-04
IMA,"Imagenebio Inc",5.71,0.07,+1.24%,-0.87%,5.81,5.69,7200,2026-08-04
CMI,"Cummins Inc",635.96,-12.89,-1.99%,-0.88%,640.82,577.718,2535100,2026-08-04
XPOF,"Xponential Fitness Inc Cl A",6.68,0.029999999999999,+0.45%,-0.89%,6.795,6.48,538200,2026-08-04
CENTA,"Central Garden & Pet",38.65,0.46,+1.20%,-0.90%,38.81,37.92,275200,2026-08-04
EXEL,"Exelixis Inc",56,0.94,+1.71%,-0.90%,56.47,54.26,2729900,2026-08-04
EEIQ,"Epicquest Education Group Intl Ltd",2.17,0.04,+1.88%,-0.91%,2.17,2,8500,2026-08-04
SSD,"Simpson Manufacturing Company",196.48,4.31,+2.24%,-0.91%,197.455,190.56,186300,2026-08-04
CIG,"Comp En DE MN Cemig ADR",2.15,-0.03,-1.38%,-0.92%,2.195,2.15,3687900,2026-08-04
IBP,"Installed Building Products",237.85,9.4,+4.11%,-0.92%,239.18,230.03,361600,2026-08-04
SBGI,"Sinclair Inc",13.99,0.07,+0.50%,-0.92%,14.16,13.91,468600,2026-08-04
AHT,"Ashford Hospitality Trust Inc",3.2,-0.05,-1.54%,-0.93%,3.26,3.2,19300,2026-08-04
ARCO,"Arcos Dorados Holdings Inc",8.34,0.050000000000001,+0.60%,-0.95%,8.35,8.24,1576700,2026-08-04
NOA,"North American Construction Group Ltd",13.52,0.039999999999999,+0.30%,-0.95%,13.62,13.44,45400,2026-08-04
CMRE,"Costamare Inc",15.28,-0.19,-1.23%,-0.97%,15.57,15.13,395100,2026-08-04
TXMD,"Therapeuticsmd Inc",2.04,0,0.00%,-0.97%,2.07,2.03,22500,2026-08-04
CR,"Crane Company",224.1,4.78,+2.18%,-0.99%,225,219.48,416500,2026-08-04
LGCY,"Legacy Education Inc",11.95,-0.25,-2.05%,-0.99%,12.395,11.95,41600,2026-08-04
APT,"Alpha Pro Tech",4.95,0.02,+0.41%,-1.00%,5.05,4.91,50200,2026-08-04
SAIC,"Science Applications International",120.37,0.25,+0.21%,-1.00%,121.75,118.62,474100,2026-08-04
HMN,"Horace Mann Educators Corp",51.97,0.16,+0.31%,-1.01%,52.22,50.855,225100,2026-08-04
KVUE,"Kenvue Inc",19.55,0.54,+2.84%,-1.01%,19.61,18.685,23595500,2026-08-04
PPG,"PPG Industries",117.8,3.79,+3.32%,-1.02%,118.15,114.01,1486400,2026-08-04
SII,"Sprott Inc",104.75,0.69,+0.66%,-1.02%,108.42,103.875,249200,2026-08-04
LCUT,"Lifetime Brands Inc",8.64,0.11,+1.29%,-1.03%,8.7,8.3,136800,2026-08-04
MGM,"MGM Resorts International",45.72,1.22,+2.74%,-1.04%,45.81,44.45,4277300,2026-08-04
TEN,"Tsakos Energy Navigation Ltd",38.83,-0.78,-1.97%,-1.04%,39.73,38.66,218900,2026-08-04
BNED,"Barnes & Noble Education Inc C",12.89,-0.01,-0.08%,-1.07%,13.11,12.7801,214800,2026-08-04
PATK,"Patrick Inds Inc",86.93,3.37,+4.03%,-1.08%,87.18,82.81,609000,2026-08-04
TV,"Grupo Televisa S.A. ADR",2.75,-0.05,-1.79%,-1.08%,2.87,2.725,830300,2026-08-04
JJSF,"J J Snack Foods",78.64,-0.38,-0.48%,-1.11%,80,78.37,232400,2026-08-04
TIPT,"Tiptree Financial Cl A",17.85,0.18,+1.02%,-1.11%,17.89,17.48,257000,2026-08-04
TOL,"Toll Brothers Inc",153.24,2.78,+1.85%,-1.12%,154.35,150.56,709700,2026-08-04
FMX,"Fomento Economico Mexicano S.A.B. DE C.V. ADR",126.28,0.53,+0.42%,-1.14%,128.42,124.1727,488800,2026-08-04
BNTX,"Biontech Se ADR",91.35,-0.9,-0.98%,-1.19%,93.75,88.2,2000000,2026-08-04
CATO,"Cato Corp",3.33,-0.14,-4.03%,-1.19%,3.43,3.3,86700,2026-08-04
TATT,"T A T Tech Ltd",41.65,2.4,+6.11%,-1.19%,41.69,39.27,163000,2026-08-04
PSA,"Public Storage",326.49,0.59000000000003,+0.18%,-1.20%,327.3028,320.53,922800,2026-08-04
BSRR,"Sierra Bancorp",40.49,0.1,+0.24%,-1.21%,40.92,39.67,69500,2026-08-04
RLYB,"Rallybio Corporaton",15.96,0.01,+0.06%,-1.21%,16.13,15.85,44900,2026-08-04
ENR,"Energizer Holdings Inc",21.58,0.46,+2.18%,-1.24%,21.77,19.03,2205000,2026-08-04
RAL,"Ralliant Corporation",66.9,1.75,+2.69%,-1.24%,68,65.21,2322700,2026-08-04
FLNG,"Flex Lng Ltd",30.51,-0.32,-1.04%,-1.26%,30.83,30.18,323400,2026-08-04
NAII,"Natural Alternativ",2.32,0.05,+2.20%,-1.28%,2.35,2.26,7900,2026-08-04
SBFG,"Sb Financial Group",26.28,-0.37,-1.39%,-1.28%,26.76,25.99,14300,2026-08-04
EPD,"Enterprise Products Partners LP",38.12,0.25,+0.66%,-1.32%,38.255,37.44,4108200,2026-08-04
QSR,"Restaurant Brands International",73.88,0.94,+1.29%,-1.32%,73.985,72.36,2196200,2026-08-04
XBIT,"Xbiotech Inc",2.24,0.01,+0.22%,-1.32%,2.29,2.23,28400,2026-08-04
ALGN,"Align Technology",173.27,0.38,+0.22%,-1.33%,174.33,170.5,1116100,2026-08-04
MHO,"M/I Homes",150.12,1.74,+1.17%,-1.33%,151.13,148.01,251400,2026-08-04
MLGO,"Microalgo Inc",4.07,0.01,+0.37%,-1.33%,4.12,4,32600,2026-08-04
PIII,"P3 Health Partners Inc",10.38,0.36,+3.59%,-1.33%,10.7,10.01,13300,2026-08-04
KMB,"Kimberly-Clark Corp",111.57,4.01,+3.73%,-1.34%,112.12,105.77,8623300,2026-08-04
AUNA,"Auna Sa Cl A",5.13,-0.12,-2.29%,-1.35%,5.28,5.115,149300,2026-08-04
GDOT,"Green Dot Corp",13.2,-0.11,-0.83%,-1.35%,13.42,13.13,544600,2026-08-04
NATR,"Nature S Sunshine",20.46,-0.68,-3.22%,-1.35%,21.34,20.37,104300,2026-08-04
SKY,"Champion Homes Inc",82.36,1.53,+1.89%,-1.35%,84.45,81.66,1008200,2026-08-04
LND,"Brasilagro ADR",3.61,-0.06,-1.63%,-1.37%,3.6895,3.602,18700,2026-08-04
WMT,"Walmart Inc",111.55,0.84,+0.76%,-1.37%,111.68,108.56,29619998,2026-08-04
CDRO,"Codere Online Luxembourg S.A.",9.19,-0.08,-0.86%,-1.39%,9.46,9.1,43400,2026-08-04
MOG.A,"Moog Inc Cl A",408.79,12.91,+3.26%,-1.39%,412.2961,399.95,290500,2026-08-04
CRON,"Cronos Group Inc",2.81,-0.02,-0.71%,-1.40%,2.87,2.79,1401500,2026-08-04
CWCO,"Cons Water Inc",29.82,0.27,+0.91%,-1.42%,29.87,29.16,84100,2026-08-04
VC,"Visteon Corp",105.4,-0.08,-0.08%,-1.43%,105.45,101.27,463200,2026-08-04
WYNN,"Wynn Resorts Ltd",97.6,-0.76,-0.77%,-1.43%,98.77,96.93,2503900,2026-08-04
ARDX,"Ardelyx Inc",5.01,0.03,+0.60%,-1.47%,5.03,4.82,3130000,2026-08-04
TRMD,"Torm Plc Cl A",29.36,-0.82,-2.72%,-1.48%,30.02,29.3,417800,2026-08-04
FSBW,"FS Bancorp Inc",42.99,0.73,+1.73%,-1.51%,43.04,42.25,27500,2026-08-04
ICCC,"Immucell Corp",11.07,0.03,+0.27%,-1.51%,11.25,10.91,27500,2026-08-04
MFIC,"Midcap Financial Investment Corp",9.7,-0.02,-0.21%,-1.52%,9.81,9.65,858900,2026-08-04
ACEL,"Accel Entertainment Inc",12.16,0.13,+1.08%,-1.54%,12.29,11.93,281800,2026-08-04
FWRG,"First Watch Restaurant Group Inc",12.8,0.3,+2.40%,-1.54%,13.19,11.77,3839400,2026-08-04
SWMR,"Swarmer Inc",37.71,0.28,+0.75%,-1.54%,38.42,36.75,218600,2026-08-04
FOXX,"Foxx Development Holdings Inc",2.54,-0.01,-0.39%,-1.55%,2.65,2.44,2600,2026-08-04
SBC,"Sbc Medical Group Holdings Inc",3.16,0,0.00%,-1.56%,3.19,3.06,80400,2026-08-04
ADSE,"Ads-Tec Energy Plc",11.79,-0.12,-1.01%,-1.59%,11.88,11.35,6500,2026-08-04
MOS,"Mosaic Company",22.71,0.9,+4.13%,-1.60%,22.75,21.71,6729700,2026-08-04
BLX,"Bladex Inc",59.11,-0.72,-1.20%,-1.61%,60.4099,59.015,174100,2026-08-04
MSGM,"Motorsport Games Inc Cl A",4.27,-0.46,-9.73%,-1.61%,4.67,4.1,105500,2026-08-04
DOLE,"Dole Plc",14,-0.29,-2.03%,-1.62%,14.16,13.96,678800,2026-08-04
CRCL,"Circle Internet Group Cl A",63.25,2.9,+4.81%,-1.66%,64.365,60.07,12757700,2026-08-04
NECB,"Northeast Community Bancorp",27.01,0.16,+0.60%,-1.67%,27.35,26.77,51400,2026-08-04
PCYO,"Pure Cycle Corp",10.58,-0.12,-1.12%,-1.67%,10.77,10.53,86600,2026-08-04
ANPA,"Rich Sparkle Holdings Limited",4.1,0.07,+1.86%,-1.68%,4.18,3.95,6100,2026-08-04
CGON,"Cg Oncology Inc",71.4,2.25,+3.25%,-1.68%,72.64,69.62,883300,2026-08-04
ELS,"Equity Lifestyle Properties",64.91,-0.76,-1.16%,-1.68%,65.47,64.43,1706600,2026-08-04
AGBK,"Agi Inc Cl A",7,-0.17,-2.37%,-1.69%,7.32,6.88,419200,2026-08-04
CSGP,"Costar Group Inc",29.82,-0.22,-0.72%,-1.70%,30.07,29.35,5794400,2026-08-04
IMPP,"Imperial Petroleum Inc",4.61,-0.12,-2.54%,-1.71%,4.7,4.59,129200,2026-08-04
PIPR,"Piper Jaffray Companies",76.14,0.2,+0.26%,-1.72%,77.72,76.06,637200,2026-08-04
PRKS,"United Parks & Resorts Inc",46.17,0.66,+1.45%,-1.72%,50,44.08,1345300,2026-08-04
SBR,"Sabine Royalty Trust",71.86,-1.03,-1.41%,-1.72%,72.58,71.55,43100,2026-08-04
FKWL,"Franklin Wireless Co.",2.27,-0.03,-1.30%,-1.73%,2.3,2.27,5900,2026-08-04
BOLT,"Bolt Biotherapeutics Inc",3.95,-0.03,-0.75%,-1.74%,4.1,3.91,2300,2026-08-04
LION,"Lionsgate Studios Corp",13.02,-0.22,-1.66%,-1.74%,13.42,12.96,3593800,2026-08-04
CINF,"Cincinnati Financial",179.42,1.39,+0.78%,-1.76%,179.68,174.61,525900,2026-08-04
BLRX,"Biolinerx Ltd ADR",2.76,0.1,+3.88%,-1.78%,2.82,2.71,3900,2026-08-04
FSBC,"Five Star Bancorp",46.98,-0.33,-0.70%,-1.78%,47.56,46.82,219600,2026-08-04
IRMD,"Iradimed Corp",93.13,1.57,+1.71%,-1.79%,94.73,91.42,227200,2026-08-04
LB,"Landbridge Company Llc Cl A",73.68,-1.38,-1.84%,-1.79%,74.945,72.8505,263500,2026-08-04
MAA,"Mid-America Apartment Communities",133.21,-0.26,-0.19%,-1.79%,133.66,131.45,959800,2026-08-04
BHM,"Bluerock Homes Trust Inc",8.14,-0.32,-3.78%,-1.81%,8.14,8.14,2100,2026-08-04
BRAI,"Braiin Limited",5.69,0.02,+0.35%,-1.81%,5.88,5.46,61100,2026-08-04
RBC,"RBC Bearings Inc",565.96,-4.31,-0.76%,-1.81%,580.43,563.75,273500,2026-08-04
FC,"Franklin Covey Company",21.6,0.010000000000002,+0.05%,-1.82%,22.01,21.41,86700,2026-08-04
OLOX,"Olenox Industries Inc",4.85,-0.15,-3.00%,-1.82%,5.12,4.8,15800,2026-08-04
IBOC,"Intl Bancshares",76.25,0.03,+0.04%,-1.84%,76.94,75.8,444000,2026-08-04
EFC,"Ellington Financial Llc",13.3,-0.03,-0.23%,-1.85%,13.36,13.205,1089600,2026-08-04
NL,"Nli Holdings Inc",5.84,-0.08,-1.35%,-1.85%,5.99,5.79,18900,2026-08-04
PCG,"Pacific Gas & Electric Company",17.45,0.02,+0.11%,-1.86%,17.645,17.14,41402200,2026-08-04
AIG,"American International Group",79.32,0.52999999999999,+0.67%,-1.87%,79.495,77.19,2875500,2026-08-04
HURA,"Tuhura Biosciences Inc",2.09,-0.05,-2.34%,-1.88%,2.18,2.08,199600,2026-08-04
VICI,"Vici Properties Inc",26.59,0.050000000000001,+0.19%,-1.88%,26.77,26.2,20792100,2026-08-04
CPAC,"Cementos Pacasmayo S.A.A ADR",11.88,-0.03,-0.25%,-1.90%,12.04,11.7,23500,2026-08-04
ZTS,"Zoetis Inc Cl A",76.04,-1.06,-1.37%,-1.90%,76.42,74.99,7601400,2026-08-04
UGI,"Ugi Corp",36.23,-0.08,-0.22%,-1.92%,36.365,35.5801,1185900,2026-08-04
NLY,"Annaly Capital Management Inc",22.75,-0.03,-0.13%,-1.94%,22.91,22.525,9733600,2026-08-04
FUNC,"First United Corp",44.7,0.13,+0.29%,-1.95%,45.2,44.39,17100,2026-08-04
OLP,"One Liberty Properties",24.6,0.26,+1.07%,-1.95%,24.6,24,109600,2026-08-04
DUKR,"Duke Robotics Corp",5.24,-0.07,-1.23%,-1.97%,5.56,5.11,10000,2026-08-04
VSA,"Visionsys AI Inc ADR",2.98,-0.03,-1.00%,-1.97%,3.09,2.92,9200,2026-08-04
EP,"Empire Petroleum Corp",2.47,-0.05,-1.98%,-1.98%,2.6,2.46,25300,2026-08-04
USNA,"Usana Health Sciences Inc",22.78,-0.06,-0.26%,-1.98%,23.2795,22.54,125900,2026-08-04
SDHC,"Smith Douglas Homes Corp Cl A",15.24,0.43,+2.90%,-1.99%,15.42,14.56,32600,2026-08-04
NCI,"Neo-Concept International Group Holdings Limited",11.72,-0.67,-5.41%,-2.01%,12.38,11.5,322000,2026-08-04
LAMR,"Lamar Advertis A",158.91,1.3,+0.82%,-2.03%,160.24,155.71,821300,2026-08-04
MUSA,"Murphy USA Inc",589.54,-3.23,-0.54%,-2.03%,593.585,581.14,308900,2026-08-04
NAT,"Nordic American Tanker Shipping Ltd",6.26,-0.17,-2.64%,-2.03%,6.49,6.21,2767700,2026-08-04
TGLS,"Tecnoglass Inc",46.26,-0.5,-1.07%,-2.03%,47.61,45.875,458900,2026-08-04
BBUC,"Brookfield Business Corp",31.05,-0.04,-0.13%,-2.05%,31.2,30.04,515900,2026-08-04
ARMK,"Aramark Holdings Corp",56.22,-0.52,-0.92%,-2.06%,56.78,56.1,2408400,2026-08-04
EFSI,"Eagle Financial Services Inc",40.41,0.22,+0.55%,-2.06%,40.97,40.33,58300,2026-08-04
FUSB,"First US Bancshares Inc",16.16,-0.6,-3.58%,-2.06%,16.68,16.16,7200,2026-08-04
MDXG,"Mimedx Group Inc",4.27,0,0.00%,-2.06%,4.39,4.16,1806900,2026-08-04
HELE,"Helen of Troy Ltd",28.24,-0.79,-2.72%,-2.11%,29.94,27.87,434800,2026-08-04
GRBK,"Green Brick Partners",72.05,0.11,+0.15%,-2.15%,72.862,71.26,220400,2026-08-04
OVLY,"Oak Valley Bancp CA",33.61,0.01,+0.03%,-2.15%,34.01,33.37,19500,2026-08-04
GATX,"GATX Corp",181.79,1.4,+0.78%,-2.16%,182.74,179.54,268200,2026-08-04
PGC,"Peapack Gladstone FI",46.69,0.37,+0.80%,-2.16%,47.01,45.88,279400,2026-08-04
WCN,"Waste Connections Inc",165.57,-2.24,-1.33%,-2.16%,167.25,164.16,1574200,2026-08-04
BMRN,"Biomarin Pharmaceuticals",60.72,0.73,+1.21%,-2.17%,60.83,59.33,1239100,2026-08-04
MDWD,"Mediwound Ltd Ord Sh",14.3,0.08,+0.56%,-2.19%,14.48,14.05,66800,2026-08-04
LADR,"Ladder Capital Corp",9.64,-0.02,-0.21%,-2.23%,9.685,9.58,1121600,2026-08-04
STHO,"Star Holdings",9.19,-0.05,-0.54%,-2.23%,9.4,9.19,29600,2026-08-04
SUNS,"Sunrise Realty Trust",7.82,0.04,+0.51%,-2.25%,8.01,7.63,135300,2026-08-04
CRIS,"Curis Inc",4.72,-0.43,-8.35%,-2.28%,5.28,4.61,85500,2026-08-04
YI,"111 Inc ADR",3.86,0.24,+6.72%,-2.28%,3.86,3.67,1900,2026-08-04
FNRN,"First Northern Community Bancorp",18.37,0,0.00%,-2.29%,18.5,18.33,97600,2026-08-04
VTMX,"Corp Inmobiliaria Vesta S.A.B DE C.V. ADR",34.13,-0.25,-0.73%,-2.29%,34.6,33.89,35900,2026-08-04
VVV,"Valvoline Inc",39.28,0.49,+1.26%,-2.29%,39.77,38.46,2903100,2026-08-04
MRBK,"Meridian Bank",19.84,0.01,+0.05%,-2.31%,20,19.29,128600,2026-08-04
VSNT,"Versant Media Group Inc",36.38,-0.44,-1.19%,-2.31%,36.91,35.88,1834100,2026-08-04
NEE,"Nextera Energy",87.2,0.65000000000001,+0.75%,-2.33%,87.305,85.48,11420000,2026-08-04
UMH,"Umh Properties",15.32,0.050000000000001,+0.33%,-2.36%,15.355,15.11,741400,2026-08-04
KR,"Kroger Company",57.79,-0.43,-0.74%,-2.37%,58.1299,56.98,6726600,2026-08-04
VRTX,"Vertex Pharmaceutic",478.7,7.98,+1.70%,-2.38%,488.04,465.51,2026300,2026-08-04
ADAG,"Adagene Inc ADR",3.64,0.01,+0.28%,-2.41%,3.71,3.56,113100,2026-08-04
DHT,"Dht Holdings",18.14,-0.39,-2.10%,-2.42%,18.55,17.95,3397000,2026-08-04
WHG,"Westwood Holdings Group Inc",19.26,0.21,+1.10%,-2.43%,19.51,19.23,14400,2026-08-04
NMRK,"Newmark Group Inc Cl A",15.8,0.5,+3.27%,-2.44%,15.9,15.26,1866800,2026-08-04
CPSS,"Consumer Portfol",9.31,-0.29,-3.02%,-2.46%,9.34,9.18,22200,2026-08-04
STVN,"Stevanato Group S.P.A.",19.65,-0.94,-4.57%,-2.48%,20.42,19,1022900,2026-08-04
NRP,"Natural Resource Partners LP",96.94,0.48999999999999,+0.51%,-2.53%,98,96.25,58100,2026-08-04
CSR,Centerspace,54.59,-0.88,-1.59%,-2.54%,56.085,53.81,329600,2026-08-04
IRS,"Irsa Inversiones Y Representaciones S.A. ADR",14.97,-0.26,-1.71%,-2.54%,15.3921,14.9,90000,2026-08-04
MGEE,"Mge Energy Inc",79.9,-0.1,-0.12%,-2.54%,80.38,78.67,230300,2026-08-04
SSII,"Ss Innovations International Inc",3.83,-0.12,-3.04%,-2.54%,3.95,3.75,122400,2026-08-04
MMI,"Marcus & Millichap",30.92,0.21,+0.68%,-2.55%,31.07,30.635,170200,2026-08-04
LSPD,"Lightspeed Commerce Inc",10.44,0.17,+1.66%,-2.61%,10.48,10.195,942800,2026-08-04
MCY,"Mercury General Corp",106.6,-0.66,-0.62%,-2.66%,107.75,105.21,472200,2026-08-04
AWX,"Avalon Holdings Corp",2.52,-0.045,-1.75%,-2.70%,2.59,2.52,5600,2026-08-04
PFGC,"Performance Food Group Company",112.41,-1.95,-1.71%,-2.70%,114.51,111.84,1429300,2026-08-04
LUCK,"Lucky Strike Entertainment Corp",6.81,0.069999999999999,+1.04%,-2.71%,6.89,6.555,80200,2026-08-04
XTLB,"Xtl Biopharma ADR",2.88,0.02,+0.67%,-2.71%,2.96,2.6,14200,2026-08-04
GNE,"Genie Energy Ltd Cl B",13.93,-0.2,-1.42%,-2.72%,14.2,13.92,85000,2026-08-04
SPH,"Suburban Propane Partners LP",18.23,-0.265,-1.43%,-2.72%,18.45,18,171100,2026-08-04
LSE,"Leishen Energy Holding Co. Ltd",4.93,0.31,+6.71%,-2.75%,4.93,4.57,2000,2026-08-04
MFI,"Mf International Limited",8.07,-0.09,-1.08%,-2.75%,8.5,7.49,5900,2026-08-04
FE,"Firstenergy Corp",48.28,-0.15,-0.31%,-2.76%,48.575,47.734,4586200,2026-08-04
BRID,"Bridgford Foods Corp",6.2,-0.13,-2.05%,-2.77%,6.57,6.2,7500,2026-08-04
LQDT,"Liquidity Services",38.24,-1.06,-2.70%,-2.77%,39.68,37.88,288200,2026-08-04
DLTH,"Duluth Holdings Cl B",4.18,0.01,+0.24%,-2.79%,4.27,4.16,26300,2026-08-04
INGM,"Ingram Micro Holding Corp",29.23,1.33,+4.77%,-2.79%,29.81,28.24,1417000,2026-08-04
IVA,"Inventiva S.A. ADR",4.51,0.26,+6.12%,-2.80%,4.61,4.22,1024400,2026-08-04
RRR,"Red Rock Resorts Inc",64.27,-1.34,-2.04%,-2.81%,66.97,63.13,1640300,2026-08-04
YELP,"Yelp Inc",26.63,-0.18,-0.67%,-2.81%,27.1099,26.33,907900,2026-08-04
WTRG,"Essential Utilities Inc",39.56,0.78,+2.01%,-2.82%,39.8,38.3,3087500,2026-08-04
ASBP,"Aspire Biopharma Holdings Inc",7.04,-0.19,-2.63%,-2.83%,7.41,6.82,29500,2026-08-04
SYY,"Sysco Corp",82.79,-2.19,-2.58%,-2.83%,84.97,80.43,8141100,2026-08-04
SCOR,"Comscore Inc",7.45,0.29,+4.05%,-2.87%,7.72,7.18,12400,2026-08-04
ABEV,"Ambev S.A. ADR",3.04,-0.01,-0.33%,-2.88%,3.08,3.02,33115100,2026-08-04
YORW,"York Water Company",30.99,0.18,+0.58%,-2.88%,31.03,30.37,106500,2026-08-04
ARTNA,"Artesian Res Corp A",33.98,-0.13,-0.38%,-2.89%,34.09,33.46,40400,2026-08-04
ENHA,"Enhanced Group Inc Cl A",2.69,-0.05,-1.82%,-2.89%,2.8,2.62,304100,2026-08-04
AZO,Autozone,3028.03,37.76,+1.26%,-2.91%,3037.8601,2945.3701,160600,2026-08-04
TIGO,"Millicom International Cellular S.A.",92.86,-1.44,-1.53%,-2.91%,95.84,91.59,1072300,2026-08-04
AWK,"American Water Works",134.01,2.71,+2.06%,-2.92%,134.555,129.74,3673400,2026-08-04
GASS,"Stealthgas Inc",8.6,-0.26,-2.93%,-2.93%,8.87,8.56,121700,2026-08-04
AFG,"American Financial Group",140.6,-1.32,-0.93%,-2.95%,142.3356,139.605,453100,2026-08-04
KZIA,"Kazia Therapeutics Ltd ADR",12.31,-0.1,-0.81%,-2.99%,13.18,12.3,152200,2026-08-04
SSTI,"Soundthinking Inc",8.23,0.38,+4.84%,-3.06%,8.28,7.85,66400,2026-08-04
UONE,"Urban One Inc",5.06,0.02,+0.40%,-3.07%,5.38,5.05,11700,2026-08-04
AMR,"Alpha Metallurgical Resources Inc",140.59,2.19,+1.58%,-3.09%,142.76,138.73,322400,2026-08-04
TRVG,"Trivago NV ADR",5.31,-0.02,-0.38%,-3.10%,5.39,5.14,85700,2026-08-04
EXC,"Exelon Corp",45.84,0.21,+0.46%,-3.11%,46,44.88,10292800,2026-08-04
EARN,"Ellington Credit Company",4.31,-0.05,-1.15%,-3.15%,4.37,4.28,504400,2026-08-04
NCT,"Intercont [Cayman] Limited",3.38,-0.13,-3.70%,-3.15%,3.81,3.32,1125900,2026-08-04
NVR,"NVR Inc",6267.3501,63.25,+1.02%,-3.15%,6317.2402,6162.5698,42500,2026-08-04
NHP,"National Healthcare Properties Inc Cl A",15.57,0.33,+2.17%,-3.17%,15.69,15.03,420500,2026-08-04
PPL,"PPL Corp",35.18,-0.02,-0.06%,-3.17%,35.36,34.66,6585200,2026-08-04
GRDN,"Guardian Pharmacy Services Inc Cl A",40.53,-0.28,-0.69%,-3.18%,41.64,40.48,201000,2026-08-04
GITS,"Global Interactive Technologies Inc",2.11,0.11,+5.50%,-3.21%,2.11,1.99,12800,2026-08-04
PTLO,"Portillo's Inc",4.53,-0.01,-0.22%,-3.21%,4.55,4.44,1243200,2026-08-04
XEL,"XCEL Energy Inc",77.75,0.06,+0.08%,-3.21%,77.94,76.45,4676300,2026-08-04
SLE,"Super League Enterprise Inc",2.69,-0.06,-2.18%,-3.24%,2.8,2.62,16100,2026-08-04
OSCR,"Oscar Health Inc Cl A",30.38,-0.36,-1.17%,-3.25%,31.1996,30.2,3068200,2026-08-04
FPH,"Five Point Holdings Llc Cl A",5.28,0.15,+2.92%,-3.30%,5.33,5.13,143100,2026-08-04
WLKP,"Westlake Chemical Partners LP",21.3,0.030000000000001,+0.14%,-3.31%,21.595,20.98,87500,2026-08-04
MPAA,"Motorcar Parts Amer",13.64,0.07,+0.52%,-3.33%,13.64,13.21,149100,2026-08-04
RSKD,"Riskified Ltd Cl A",5.2,-0.02,-0.38%,-3.35%,5.315,5.175,506800,2026-08-04
CVR,"Chicago Rivet & Machine Company",10.01,-0.43,-4.12%,-3.38%,10.3,9.95,6900,2026-08-04
HEPS,"D-Market Electronic Services & Trading ADR",2.86,-0.08,-2.72%,-3.38%,2.98,2.85,152100,2026-08-04
STNG,"Scorpio Tankers Inc",76.4,-1.37,-1.76%,-3.40%,77.51,75.03,1101600,2026-08-04
DIN,"Dineequity Inc",34.85,-1.23,-3.41%,-3.41%,36.588,34.82,359500,2026-08-04
TROX,"Tronox Inc",5.94,0.24,+4.21%,-3.41%,5.978,5.71,2730000,2026-08-04
GNLX,"Genelux Corp",2.82,-0.16,-5.37%,-3.42%,3.08,2.78,787300,2026-08-04
SEB,"Seaboard Corp",4392.3501,-1.1099,-0.03%,-3.44%,4439.3901,4290,10700,2026-08-04
RBKB,"Rhinebeck Bancorp Inc",11.98,0.09,+0.76%,-3.46%,12.07,11.89,125300,2026-08-04
CPT,"Camden Property Trust",111.03,0.31,+0.28%,-3.49%,111.22,109.225,1067600,2026-08-04
PLGO,"Pelagos Insurance Capital Ltd",25.07,-0.24,-0.95%,-3.50%,25.69,24.93,415600,2026-08-04
AFYA,"Afya Ltd Cl A",13.94,-0.26,-1.83%,-3.53%,14.13,13.78,64400,2026-08-04
NKE,"Nike Inc",41.53,-1.11,-2.60%,-3.53%,42.0899,40.911,27802800,2026-08-04
NTRB,"Nutriband Inc",2.85,0.04,+1.42%,-3.55%,2.92,2.8,6900,2026-08-04
FMC,"FMC Corp",10.55,0.19,+1.83%,-3.56%,10.56,10.09,4471600,2026-08-04
LOMA,"Loma Negra Comp Indu Argentina Sociedad ADR",11.03,-0.38,-3.33%,-3.58%,11.795,10.97,556100,2026-08-04
CTW,"Ctw Cl A",2.4,0.02,+0.84%,-3.61%,2.48,2.28,25000,2026-08-04
SR,"Spire Inc",79.56,-0.53,-0.66%,-3.62%,80.32,78.28,554900,2026-08-04
TW,"Tradeweb Markets Inc",100.48,-0.52,-0.51%,-3.63%,102.17,100.08,1660300,2026-08-04
SO,"Southern Company",93.25,0.31,+0.33%,-3.65%,93.54,91.25,11142800,2026-08-04
LPA,"Logistic Properties of The Americas",2.89,-0.1,-3.34%,-3.67%,3.0643,2.83,103100,2026-08-04
AXIL,"Axil Brands Inc",5.75,-0.04,-0.69%,-3.69%,6,5.7,25300,2026-08-04
TAYD,"Taylor Devices Inc",53.7,1.2,+2.29%,-3.71%,53.97,52.57,16200,2026-08-04
IPI,"Intrepid Potash Inc",33.96,0.67,+2.01%,-3.74%,34.34,32.6,232700,2026-08-04
TEX,"Terex Corp",66.08,1.67,+2.59%,-3.74%,67.2,64.82,1147500,2026-08-04
ZOOZ,"Zooz Strategy Ltd",5.24,0.19,+3.86%,-3.76%,5.29,5.11,2400,2026-08-04
LEVI,"Levi Strauss & Company Cl A",24.5,-0.12,-0.49%,-3.77%,25.06,24.475,1676400,2026-08-04
VAC,"Marriot Vacations Worldwide Cor",98.69,1.29,+1.32%,-3.78%,99.52,97.76,352800,2026-08-04
BAK,"Braskem S.A. ADR",2.28,-0.04,-1.72%,-3.80%,2.388,2.27,1158300,2026-08-04
CLPR,"Clipper Realty Inc",2.77,0.02,+0.73%,-3.82%,2.8099,2.71,28000,2026-08-04
CVCO,"Cavco Inds Inc",566.56,20.92,+3.83%,-3.82%,567.32,545,174600,2026-08-04
EDHL,"Everbright Digital Holding Limited",4.01,-0.18,-4.30%,-3.84%,4.31,3.85,110000,2026-08-04
PTHS,"Pelthos Therapeutics Inc",26.7,-0.14,-0.52%,-3.85%,28.2899,26.5,132700,2026-08-04
AVD,"American Vanguard Corp",2.49,0.03,+1.22%,-3.86%,2.55,2.465,161300,2026-08-04
JRVR,"James River Group Hldgs Inc",4.61,0.01,+0.22%,-3.86%,4.67,4.53,207700,2026-08-04
GEMI,"Gemini Space Station Inc Cl A",4.21,0.22,+5.51%,-3.88%,4.24,3.88,1487400,2026-08-04
RICK,"RCI Hospitality Hold",25.5,0.34,+1.35%,-3.88%,25.88,25.29,44800,2026-08-04
KPRX,"Kiora Pharmaceuticals Inc.",2.47,-0.12,-4.63%,-3.89%,2.6,2.42,40400,2026-08-04
MOGU,"Mogu Inc ADR",2.0352,0.0252,+1.25%,-4.00%,2.0352,2,3200,2026-08-04
GSK,"Gsk Plc ADR",51.53,0.020000000000003,+0.04%,-4.06%,51.705,50.93,4559000,2026-08-04
OSW,"Onespaworld Holdings Ltd",26.6,0.24,+0.91%,-4.08%,26.77,26.34,1742700,2026-08-04
NJR,"Newjersey Resources Corp",57.39,-0.69,-1.19%,-4.13%,57.87,55.69,1171400,2026-08-04
ILPT,"Industrial Logistics Properties Trust",8.68,-0.07,-0.86%,-4.14%,8.76,8.54,331900,2026-08-04
AMN,"Amn Healthcare Services Inc",33.25,0.25,+0.76%,-4.15%,33.87,31.45,997100,2026-08-04
CKX,"Ckx Lands",10.83,-0.245,-2.21%,-4.16%,11.4,10.83,3300,2026-08-04
BRCB,"Black Rock Coffee Bar Cl A",8.05,0.16,+2.03%,-4.17%,8.16,7.88,234900,2026-08-04
OGS,"One Gas Inc",77.33,-1.07,-1.36%,-4.18%,79.19,76.71,685800,2026-08-04
TOUR,"Tuniu Corporatio ADR",5.02,0.07,+1.41%,-4.20%,5.09,4.93,22200,2026-08-04
UTL,"Unitil Corp",53.61,0.1,+0.19%,-4.25%,54.5075,51.98,143100,2026-08-04
UNFI,"United Nat Foods",48.6,1.23,+2.60%,-4.29%,48.86,46.71,773000,2026-08-04
QNTM,"Quantum Biopharma Ltd",2.87,-0.18,-5.90%,-4.33%,3.05,2.66,229900,2026-08-04
CHDN,"Churchill Downs IN",85.35,1.88,+2.25%,-4.34%,87.71,82.43,1405100,2026-08-04
ATOS,"Atossa Therapeutics Inc",2.31,0.14,+6.45%,-4.35%,2.34,2.18,54900,2026-08-04
HTOO,"Fusion Fuel Green Plc",2.57,-0.02,-0.97%,-4.40%,2.65,2.56,7000,2026-08-04
PACS,"Pacs Group Inc",44.81,0.31,+0.70%,-4.58%,45.69,43.34,1279700,2026-08-04
DHC,"Diversified Healthcare Trust",8.8,-0.01,-0.11%,-4.66%,9.06,8.31,4581900,2026-08-04
CIGI,"Colliers Intl Grp IN",99.05,-0.32,-0.32%,-4.68%,99.46,97.54,167100,2026-08-04
JL,"J-Long Group Limited",5.67,-0.18,-3.08%,-4.71%,5.79,5.44,1000,2026-08-04
PBFS,"Pioneer Bancorp Inc",17.17,-0.28,-1.60%,-4.72%,17.65,17.11,15100,2026-08-04
TMCR,"The Metals Royalty Company Inc",5.86,0.46,+8.52%,-4.72%,6.01,5.41,17000,2026-08-04
PRM,"Perimeter Solutions Inc",33.25,2.75,+9.02%,-4.76%,33.69,29.95,2157900,2026-08-04
EHC,"Encompass Health Corp",110.5,-1.97,-1.75%,-4.77%,111.25,109.32,1094500,2026-08-04
DVA,"Davita Healthcare Partners",227.99,-5.69,-2.43%,-4.79%,234.26,222.8,2611400,2026-08-04
CON,"Concentra Group Holdings Parent Inc",31.12,-0.58,-1.83%,-4.80%,31.59,31.005,741500,2026-08-04
FRD,"Friedman Industries Inc",35.37,1.31,+3.85%,-4.89%,36,33.6,60600,2026-08-04
PENN,"Penn Entertainment Inc",20.04,0.06,+0.30%,-4.93%,20.44,19.81,2101900,2026-08-04
UNH,"Unitedhealth Group",407.55,-7.81,-1.88%,-4.95%,416,406.67,5266200,2026-08-04
CLMB,"Climb Global Solutions Inc",26.78,-0.44,-1.62%,-4.97%,27.2,25.69,274600,2026-08-04
TISI,"Team Inc",16.75,-0.25,-1.47%,-4.99%,17.475,16.75,4000,2026-08-04
AVTX,"Avalo Therapeutics Inc",18.53,0.48,+2.66%,-5.07%,18.69,17.64,1157400,2026-08-04
CHH,"Choice Hotels International",108.61,0.14,+0.13%,-5.26%,110.89,107.77,1019000,2026-08-04
KTB,"Kontoor Brands Inc",83.41,-1.25,-1.48%,-5.28%,86.4199,83.32,593900,2026-08-04
CHA,"Chagee Holdings Limited ADR",11.02,-0.13,-1.17%,-5.33%,11.13,10.91,432900,2026-08-04
ROMA,"Roma Green Finance Limited",9.32,0,0.00%,-5.38%,9.32,8.7,4700,2026-08-04
BYD,"Boyd Gaming Corp",86.32,1.49,+1.76%,-5.41%,86.71,84.785,905500,2026-08-04
NCLH,"Norwegian Cruise Ord",20.07,0.31,+1.57%,-5.42%,20.37,19.72,18963200,2026-08-04
GIBO,"Gibo Holdings Limited Cl A",29,-0.1,-0.34%,-5.48%,30.5,28.6,22000,2026-08-04
ROK,"Rockwell Automation Inc",445.23,-35.75,-7.43%,-5.51%,454.27,433.14,2359000,2026-08-04
ARKR,"Ark Restaurants Corp",5.61,-0.04,-0.71%,-5.56%,5.75,5.61,1200,2026-08-04
WVVI,"Willamette Valley",2.55,0.01,+0.39%,-5.56%,2.75,2.55,8100,2026-08-04
BRT,"BRT Realty Trust",14.25,-0.74,-4.94%,-5.57%,15.03,14.215,68000,2026-08-04
NERV,"Minerva Neuroscie",4.04,0.07,+1.76%,-5.61%,4.15,4,84900,2026-08-04
BANL,"Cbl International Limited",4.55,0.02,+0.40%,-5.64%,4.58,4.08,1285400,2026-08-04
TKR,"Timken Company",132.03,-9.72,-6.86%,-5.64%,133.6,126.3228,2414200,2026-08-04
FCN,"Fti Consulting",157.28,-1.12,-0.71%,-5.88%,158.7887,155.285,547400,2026-08-04
SUPV,"Grupo Supervielle S.A. ADR",9.05,-0.3,-3.21%,-5.93%,9.47,8.94,607600,2026-08-04
AMBO,"Ambow Education Holding Ltd ADR",2.04,0.02,+0.99%,-5.99%,2.04,1.97,4900,2026-08-04
SMID,"Smith-Midland Corp",27.51,-0.04,-0.15%,-6.05%,28.5,27.38,15700,2026-08-04
SFHG,"Samfine Creation Holdings Group",2.34,-0.13,-5.27%,-6.22%,2.49,2.34,6100,2026-08-04
NOMA,"Nomadar Corp. Cl A",2.89,-0.08,-2.69%,-6.47%,3.05,2.85,4800,2026-08-04
PMN,"Promis Neurosciences Inc",13.57,-0.57,-4.03%,-6.54%,14.59,13.27,18700,2026-08-04
BRBR,"Bellring Brands Inc Cl A",12.75,-0.2,-1.54%,-6.66%,12.76,10.16,11995100,2026-08-04
UHT,"Universal Health Realty Income Trust",42.2,-0.42,-0.99%,-6.68%,42.91,41.88,172800,2026-08-04
ARKO,"Arko Corp",7.49,-0.1,-1.32%,-6.72%,7.64,7.43,644200,2026-08-04
UPLD,"Upland Software Inc",4.56,0.11,+2.47%,-6.75%,4.89,4.29,21100,2026-08-04
ANGH,"Anghami Inc",3.41,0.12,+3.65%,-6.83%,3.49,3.2,26400,2026-08-04
GWW,"W.W. Grainger",1300.45,-70.8,-5.16%,-7.04%,1311.215,1260.22,587600,2026-08-04
AIOS,"Aios Tech Inc",11.79,-0.42,-3.44%,-7.09%,12.99,10.84,17700,2026-08-04
BKD,"Brookdale Senior Living Inc",14.23,-0.14,-0.97%,-7.42%,14.375,13.85,5597200,2026-08-04
CGTL,"Creative Global Technology Ltd",4.09,-0.11,-2.62%,-7.78%,4.18,4.05,3300,2026-08-04
MD,"Pediatrix Medical Group Inc",24.71,-1.54,-5.87%,-8.00%,26.6,22.6,1545000,2026-08-04
HKIT,"Hitek Global Inc Ordinary Share",2.87,0.12,+4.36%,-8.01%,2.98,2.55,61200,2026-08-04
COHN,"Cohen & Company Inc",12.52,-1.95,-13.48%,-8.04%,14.6999,12.49,74500,2026-08-04
INNV,"Innovage Holding Corp",10.85,-0.38,-3.38%,-8.13%,11.35,10.53,285200,2026-08-04
DRIO,"Dario Health Corp",6.87,-0.23,-3.24%,-8.34%,7.71,6.19,164600,2026-08-04
JLHL,"Julong Holding Limited Cl A",5.42,-0.79,-12.72%,-8.45%,6.35,5.17,133600,2026-08-04
AENT,"Alliance Entertainment Holding Corp",5.47,0.01,+0.09%,-8.76%,5.72,5.12,23100,2026-08-04
SDOT,"Sadot Group Inc",13.6,0.09,+0.67%,-9.09%,15.47,13.04,216000,2026-08-04
JBTM,"Jbt Marel Corporation",132.47,-9.78,-6.88%,-9.11%,133.88,125,1142300,2026-08-04
TONX,"Ton Strategy Company",2.97,-0.09,-2.94%,-9.17%,3.14,2.91,273700,2026-08-04
PPC,"Pilgrim's Pride",26.96,-0.96,-3.44%,-9.56%,27.68,26.75,1553300,2026-08-04
ZNB,"Zeta Network Group",2.65,0.17,+6.85%,-9.56%,2.8,2.41,147500,2026-08-04
IPST,"Ip Strategy Holdings Inc",2.14,-0.13,-5.73%,-9.70%,2.33,1.54,102400,2026-08-04
JZ,"Jianzhi Education Technology Group ADR",2.3,-0.04,-1.71%,-9.80%,2.43,2.26,19600,2026-08-04
EHGO,"Eshallgo Inc Cl A",2.02,-0.03,-1.46%,-10.22%,2.03,1.96,105300,2026-08-04
COIN,"Coinbase Global Cl A",150.73,4.23,+2.89%,-10.23%,152.9,145.6,7289000,2026-08-04
SNDA,"Sonida Senior Living Inc",38.55,-1.67,-4.15%,-10.49%,39.93,38.51,493600,2026-08-04
MEDS,"Datameds AI Inc",3.17,-0.07,-2.16%,-10.70%,3.25,3.06,24300,2026-08-04
AQMS,"Aqua Metals Inc",2.5,0.02,+0.81%,-10.71%,2.62,2.5,36800,2026-08-04
RTB,"Rtb Digital Inc",16.72,1.21,+7.80%,-10.97%,17.5,14.5,90500,2026-08-04
BMGL,"Basel Medical Group Ltd",5.67,-0.23,-3.90%,-10.99%,6.32,5.29,4600,2026-08-04
ACCS,"Access Newswire Inc",6.65,0.010000000000001,+0.15%,-11.21%,6.85,6.6,10500,2026-08-04
ATXG,"Addentax Group Corp",3.11,0.16,+5.42%,-11.65%,3.11,3,4600,2026-08-04
JEM,"707 Cayman Holdings Limited",5.2,-0.07,-1.23%,-11.86%,5.6,5.11,47400,2026-08-04
YSG,"Yatsen Holding Ltd ADR",2.98,-0.29,-8.87%,-13.12%,3.42,2.95,362800,2026-08-04
MI,"Nft Limited Class A Ordinary Share",7.96,0.12,+1.53%,-13.20%,8.1,7.92,5000,2026-08-04
SSM,"Sono Group N.V.",3.6,-0.05,-1.37%,-13.88%,3.8,3.6,6000,2026-08-04
CAR,"Avis Budget Group",141.13,2.25,+1.62%,-15.15%,141.79,133.56,641300,2026-08-04
PCLA,"Picocela Inc ADR",4.87,-0.17,-3.37%,-16.75%,5.02,4.81,31400,2026-08-04
NEXR,"Nexera Technologies Ltd",3.01,-0.01,-0.33%,-18.49%,3.17,2.52,673600,2026-08-04
PDC,"Perpetuals.com Ltd ADR",3,-0.3,-9.09%,-19.57%,3.6,2.8,114000,2026-08-04
NTCL,"Netclass Technology Inc Cl A",2.6,-0.21,-7.47%,-20.49%,2.8,2.56,28400,2026-08-04
INTJ,"Intelligent Group Limited",2.5,-0.5,-16.69%,-29.08%,3.35,2.5,30800,2026-08-04
APUS,"Apimeds Pharmaceuticals US Inc",4.92,0.07,+1.44%,-38.50%,5.43,4.6591,18500,2026-08-04
INLF,"Inlif Limited",3.18,-0.55,-14.75%,-40.00%,3.71,3.1,3832000,2026-08-04
BIYA,"Baiya International Group Inc",2.84,-0.26,-8.39%,-55.90%,3.04,2.76,552500,2026-08-04
"Downloaded from Barchart.com as of 08-04-2026 10:32pm CDT"
